Date and Time,Water Temp
2023-01-28T23:00:00-0800,44.312
2023-01-29T00:00:00-0800,44.2796
2023-01-29T01:00:00-0800,44.1428
2023-01-29T02:00:00-0800,44.1626
2023-01-29T03:00:00-0800,44.1968
2023-01-29T04:00:00-0800,44.1644
2023-01-29T05:00:00-0800,44.204
2023-01-29T06:00:00-0800,44.1176
2023-01-29T07:00:00-0800,44.4272
2023-01-29T08:00:00-0800,44.429
2023-01-29T09:00:00-0800,44.5082
2023-01-29T10:00:00-0800,44.4902
2023-01-29T11:00:00-0800,44.4218
2023-01-29T12:00:00-0800,44.2274
2023-01-29T13:00:00-0800,44.1698
2023-01-29T14:00:00-0800,44.15
2023-01-29T15:00:00-0800,44.321
2023-01-29T16:00:00-0800,44.2742
2023-01-29T17:00:00-0800,44.249
2023-01-29T18:00:00-0800,44.195
2023-01-29T19:00:00-0800,44.213
2023-01-29T20:00:00-0800,44.1608
2023-01-29T21:00:00-0800,44.1932
2023-01-29T22:00:00-0800,44.0582
2023-01-29T23:00:00-0800,44.1014
2023-01-30T00:00:00-0800,44.0708
2023-01-30T01:00:00-0800,44.0276
2023-01-30T02:00:00-0800,44.006
2023-01-30T03:00:00-0800,43.961
2023-01-30T04:00:00-0800,43.835
2023-01-30T05:00:00-0800,43.8854
2023-01-30T06:00:00-0800,43.9466
2023-01-30T07:00:00-0800,43.1024
2023-01-30T08:00:00-0800,43.0772
2023-01-30T09:00:00-0800,42.8666
2023-01-30T10:00:00-0800,43.0556
2023-01-30T11:00:00-0800,43.2644
2023-01-30T12:00:00-0800,43.5812
2023-01-30T13:00:00-0800,43.2482
2023-01-30T14:00:00-0800,42.9998
2023-01-30T15:00:00-0800,43.3418
2023-01-30T16:00:00-0800,43.1186
2023-01-30T17:00:00-0800,43.1024
2023-01-30T18:00:00-0800,43.0106
2023-01-30T19:00:00-0800,43.0214
2023-01-30T20:00:00-0800,43.1006
2023-01-30T21:00:00-0800,43.1384
2023-01-30T22:00:00-0800,43.1582
2023-01-30T23:00:00-0800,43.1402
2023-01-31T00:00:00-0800,43.0394
2023-01-31T01:00:00-0800,43.1024
2023-01-31T02:00:00-0800,43.0628
2023-01-31T03:00:00-0800,43.025
2023-01-31T04:00:00-0800,43.034
2023-01-31T05:00:00-0800,43.1492
2023-01-31T06:00:00-0800,43.106
2023-01-31T07:00:00-0800,43.124
2023-01-31T08:00:00-0800,43.151
2023-01-31T09:00:00-0800,43.1636
2023-01-31T10:00:00-0800,43.214
2023-01-31T11:00:00-0800,43.196
2023-01-31T12:00:00-0800,43.3382
2023-01-31T13:00:00-0800,43.547
2023-01-31T14:00:00-0800,43.7036
2023-01-31T15:00:00-0800,43.736
2023-01-31T16:00:00-0800,43.7468
2023-01-31T17:00:00-0800,43.8278
2023-01-31T18:00:00-0800,43.9124
2023-01-31T19:00:00-0800,44.0276
2023-01-31T20:00:00-0800,44.0492
2023-01-31T21:00:00-0800,44.132
2023-01-31T22:00:00-0800,44.1464
2023-01-31T23:00:00-0800,44.123
2023-02-01T00:00:00-0800,44.2094
2023-02-01T01:00:00-0800,44.2742
2023-02-01T02:00:00-0800,44.1698
2023-02-01T03:00:00-0800,44.0096
2023-02-01T04:00:00-0800,43.907
2023-02-01T05:00:00-0800,43.997
2023-02-01T06:00:00-0800,43.9718
2023-02-01T07:00:00-0800,43.9232
2023-02-01T08:00:00-0800,43.9502
2023-02-01T09:00:00-0800,43.952
2023-02-01T10:00:00-0800,43.9484
2023-02-01T11:00:00-0800,43.9664
2023-02-01T12:00:00-0800,44.0294
2023-02-01T13:00:00-0800,44.0474
2023-02-01T14:00:00-0800,44.1104
2023-02-01T15:00:00-0800,44.087
2023-02-01T16:00:00-0800,44.1104
2023-02-01T17:00:00-0800,44.1104
2023-02-01T18:00:00-0800,44.0798
2023-02-01T19:00:00-0800,44.0564
2023-02-01T20:00:00-0800,44.1374
2023-02-01T21:00:00-0800,44.1086
2023-02-01T22:00:00-0800,44.0708
2023-02-01T23:00:00-0800,44.0672
2023-02-02T00:00:00-0800,44.0582
2023-02-02T01:00:00-0800,44.0618
2023-02-02T02:00:00-0800,44.0636
2023-02-02T03:00:00-0800,44.105
2023-02-02T04:00:00-0800,44.2238
2023-02-02T05:00:00-0800,44.2454
2023-02-02T06:00:00-0800,44.204
2023-02-02T07:00:00-0800,44.1608
2023-02-02T08:00:00-0800,44.1158
2023-02-02T09:00:00-0800,44.0942
2023-02-02T10:00:00-0800,44.105
2023-02-02T11:00:00-0800,44.1608
2023-02-02T12:00:00-0800,44.1914
2023-02-02T13:00:00-0800,44.276
2023-02-02T14:00:00-0800,44.3966
2023-02-02T15:00:00-0800,44.393
2023-02-02T16:00:00-0800,44.4164
2023-02-02T17:00:00-0800,44.447
2023-02-02T18:00:00-0800,44.4668
2023-02-02T19:00:00-0800,44.4722
2023-02-02T20:00:00-0800,44.5064
2023-02-02T21:00:00-0800,44.51
2023-02-02T22:00:00-0800,44.5082
2023-02-02T23:00:00-0800,44.5676
2023-02-03T00:00:00-0800,44.5982
2023-02-03T01:00:00-0800,44.5856
2023-02-03T02:00:00-0800,44.6
2023-02-03T03:00:00-0800,44.6576
2023-02-03T04:00:00-0800,44.7026
2023-02-03T05:00:00-0800,44.7494
2023-02-03T06:00:00-0800,44.681
2023-02-03T07:00:00-0800,44.6918
2023-02-03T08:00:00-0800,44.681
2023-02-03T09:00:00-0800,44.591
2023-02-03T10:00:00-0800,44.582
2023-02-03T11:00:00-0800,44.5496
2023-02-03T12:00:00-0800,44.5604
2023-02-03T13:00:00-0800,44.6162
2023-02-03T14:00:00-0800,44.6918
2023-02-03T15:00:00-0800,44.69
2023-02-03T16:00:00-0800,44.7044
2023-02-03T17:00:00-0800,44.7206
2023-02-03T18:00:00-0800,44.7224
2023-02-03T19:00:00-0800,44.6882
2023-02-03T20:00:00-0800,44.6954
2023-02-03T21:00:00-0800,44.6612
2023-02-03T22:00:00-0800,44.6162
2023-02-03T23:00:00-0800,44.5892
2023-02-04T00:00:00-0800,44.681
2023-02-04T01:00:00-0800,44.6882
2023-02-04T02:00:00-0800,44.6252
2023-02-04T03:00:00-0800,44.7116
2023-02-04T04:00:00-0800,44.6918
2023-02-04T05:00:00-0800,44.7674
2023-02-04T06:00:00-0800,44.9474
2023-02-04T07:00:00-0800,44.9186
2023-02-04T08:00:00-0800,44.9294
2023-02-04T09:00:00-0800,44.9438
2023-02-04T10:00:00-0800,44.9618
2023-02-04T11:00:00-0800,44.9708
2023-02-04T12:00:00-0800,44.9942
2023-02-04T13:00:00-0800,45.0284
2023-02-04T14:00:00-0800,45.077
2023-02-04T15:00:00-0800,45.122
2023-02-04T16:00:00-0800,45.2264
2023-02-04T17:00:00-0800,45.0086
2023-02-04T18:00:00-0800,44.9996
2023-02-04T19:00:00-0800,45.0374
2023-02-04T20:00:00-0800,45.0356
2023-02-04T21:00:00-0800,45.0842
2023-02-04T22:00:00-0800,45.077
2023-02-04T23:00:00-0800,45.1076
2023-02-05T00:00:00-0800,45.1022
2023-02-05T01:00:00-0800,45.1112
2023-02-05T02:00:00-0800,45.1004
2023-02-05T03:00:00-0800,45.0842
2023-02-05T04:00:00-0800,45.0878
2023-02-05T05:00:00-0800,45.0662
2023-02-05T06:00:00-0800,45.167
2023-02-05T07:00:00-0800,45.104
2023-02-05T08:00:00-0800,44.8394
2023-02-05T09:00:00-0800,44.8394
2023-02-05T10:00:00-0800,44.7836
2023-02-05T11:00:00-0800,44.8178
2023-02-05T12:00:00-0800,44.8682
2023-02-05T13:00:00-0800,44.8592
2023-02-05T14:00:00-0800,44.9438
2023-02-05T15:00:00-0800,44.861
2023-02-05T16:00:00-0800,44.897
2023-02-05T17:00:00-0800,44.8142
2023-02-05T18:00:00-0800,44.8178
2023-02-05T19:00:00-0800,44.7818
2023-02-05T20:00:00-0800,44.7728
2023-02-05T21:00:00-0800,44.7836
2023-02-05T22:00:00-0800,44.8322
2023-02-05T23:00:00-0800,44.7656
2023-02-06T00:00:00-0800,44.78
2023-02-06T01:00:00-0800,44.78
2023-02-06T02:00:00-0800,44.7854
2023-02-06T03:00:00-0800,44.834
2023-02-06T04:00:00-0800,44.9186
2023-02-06T05:00:00-0800,44.9474
2023-02-06T06:00:00-0800,44.933
2023-02-06T07:00:00-0800,44.9168
2023-02-06T08:00:00-0800,44.8898
2023-02-06T09:00:00-0800,44.9042
2023-02-06T10:00:00-0800,44.8952
2023-02-06T11:00:00-0800,44.9024
2023-02-06T12:00:00-0800,44.9168
2023-02-06T13:00:00-0800,44.9384
2023-02-06T14:00:00-0800,44.9618
2023-02-06T15:00:00-0800,44.96
2023-02-06T16:00:00-0800,44.9654
2023-02-06T17:00:00-0800,45.0086
2023-02-06T18:00:00-0800,45.0572
2023-02-06T19:00:00-0800,45.0302
2023-02-06T20:00:00-0800,44.9996
2023-02-06T21:00:00-0800,44.8808
2023-02-06T22:00:00-0800,44.8556
2023-02-06T23:00:00-0800,44.9924
2023-02-07T00:00:00-0800,44.4758
2023-02-07T01:00:00-0800,44.78
2023-02-07T02:00:00-0800,44.96
2023-02-07T03:00:00-0800,44.96
2023-02-07T04:00:00-0800,44.9114
2023-02-07T05:00:00-0800,44.9996
2023-02-07T06:00:00-0800,44.9978
2023-02-07T07:00:00-0800,44.9096
2023-02-07T08:00:00-0800,44.7584
2023-02-07T09:00:00-0800,44.6774
2023-02-07T10:00:00-0800,44.6054
2023-02-07T11:00:00-0800,44.9186
2023-02-07T12:00:00-0800,44.6756
2023-02-07T13:00:00-0800,44.8466
2023-02-07T14:00:00-0800,45.0194
2023-02-07T15:00:00-0800,44.9438
2023-02-07T16:00:00-0800,44.9834
2023-02-07T17:00:00-0800,44.9582
2023-02-07T18:00:00-0800,44.834
2023-02-07T19:00:00-0800,44.7692
2023-02-07T20:00:00-0800,44.834
2023-02-07T21:00:00-0800,44.6468
2023-02-07T22:00:00-0800,44.7134
2023-02-07T23:00:00-0800,44.7188
2023-02-08T00:00:00-0800,44.7134
2023-02-08T01:00:00-0800,44.6882
2023-02-08T02:00:00-0800,44.7242
2023-02-08T03:00:00-0800,44.2904
2023-02-08T04:00:00-0800,44.4326
2023-02-08T05:00:00-0800,44.4632
2023-02-08T06:00:00-0800,44.672
2023-02-08T07:00:00-0800,44.357
2023-02-08T08:00:00-0800,44.51
2023-02-08T09:00:00-0800,44.2364
2023-02-08T10:00:00-0800,44.6792
2023-02-08T11:00:00-0800,44.3984
2023-02-08T12:00:00-0800,44.3426
2023-02-08T13:00:00-0800,44.537
2023-02-08T14:00:00-0800,44.8034
2023-02-08T15:00:00-0800,44.8502
2023-02-08T16:00:00-0800,44.8772
2023-02-08T17:00:00-0800,44.9564
2023-02-08T18:00:00-0800,44.9924
2023-02-08T19:00:00-0800,45.0104
2023-02-08T20:00:00-0800,44.9906
2023-02-08T21:00:00-0800,44.9762
2023-02-08T22:00:00-0800,44.9852
2023-02-08T23:00:00-0800,44.978
2023-02-09T00:00:00-0800,44.9672
2023-02-09T01:00:00-0800,44.9762
2023-02-09T02:00:00-0800,44.9996
2023-02-09T03:00:00-0800,44.9816
2023-02-09T04:00:00-0800,44.9942
2023-02-09T05:00:00-0800,45.005
2023-02-09T06:00:00-0800,45.0158
2023-02-09T07:00:00-0800,45.0356
2023-02-09T08:00:00-0800,45.1724
2023-02-09T09:00:00-0800,45.2552
2023-02-09T10:00:00-0800,45.0932
2023-02-09T11:00:00-0800,45.3146
2023-02-09T12:00:00-0800,45.3938
2023-02-09T13:00:00-0800,45.1742
2023-02-09T14:00:00-0800,45.1742
2023-02-09T15:00:00-0800,45.1472
2023-02-09T16:00:00-0800,45.1418
2023-02-09T17:00:00-0800,45.1184
2023-02-09T18:00:00-0800,45.0932
2023-02-09T19:00:00-0800,45.1148
2023-02-09T20:00:00-0800,45.3056
2023-02-09T21:00:00-0800,45.2408
2023-02-09T22:00:00-0800,45.1652
2023-02-09T23:00:00-0800,45.1652
2023-02-10T00:00:00-0800,45.0464
2023-02-10T01:00:00-0800,45.068
2023-02-10T02:00:00-0800,45.023
2023-02-10T03:00:00-0800,44.9906
2023-02-10T04:00:00-0800,45.0356
2023-02-10T05:00:00-0800,45.0554
2023-02-10T06:00:00-0800,45.077
2023-02-10T07:00:00-0800,45.0464
2023-02-10T08:00:00-0800,45.0842
2023-02-10T09:00:00-0800,45.1346
2023-02-10T10:00:00-0800,45.176
2023-02-10T11:00:00-0800,45.1886
2023-02-10T12:00:00-0800,45.0356
2023-02-10T13:00:00-0800,44.9726
2023-02-10T14:00:00-0800,45.185
2023-02-10T15:00:00-0800,45.131
2023-02-10T16:00:00-0800,45.122
2023-02-10T17:00:00-0800,45.0698
2023-02-10T18:00:00-0800,45.1094
2023-02-10T19:00:00-0800,44.987
2023-02-10T20:00:00-0800,44.8052
2023-02-10T21:00:00-0800,44.8538
2023-02-10T22:00:00-0800,44.8808
2023-02-10T23:00:00-0800,44.9654
2023-02-11T00:00:00-0800,45.0482
2023-02-11T01:00:00-0800,45.0392
2023-02-11T02:00:00-0800,44.9996
2023-02-11T03:00:00-0800,45.0338
2023-02-11T04:00:00-0800,45.023
2023-02-11T05:00:00-0800,45.077
2023-02-11T06:00:00-0800,45.059
2023-02-11T07:00:00-0800,44.8088
2023-02-11T08:00:00-0800,45.0824
2023-02-11T09:00:00-0800,45.1076
2023-02-11T10:00:00-0800,44.8808
2023-02-11T11:00:00-0800,44.7116
2023-02-11T12:00:00-0800,45.1472
2023-02-11T13:00:00-0800,45.329
2023-02-11T14:00:00-0800,44.9762
2023-02-11T15:00:00-0800,45.0158
2023-02-11T16:00:00-0800,45.2534
2023-02-11T17:00:00-0800,45.3038
2023-02-11T18:00:00-0800,45.2876
2023-02-11T19:00:00-0800,45.3524
2023-02-11T20:00:00-0800,45.2444
2023-02-11T21:00:00-0800,45.3038
2023-02-11T22:00:00-0800,45.347
2023-02-11T23:00:00-0800,45.4604
2023-02-12T00:00:00-0800,45.4658
2023-02-12T01:00:00-0800,45.5018
2023-02-12T02:00:00-0800,45.5072
2023-02-12T03:00:00-0800,45.5198
2023-02-12T04:00:00-0800,45.5558
2023-02-12T05:00:00-0800,45.6404
2023-02-12T06:00:00-0800,45.6548
2023-02-12T07:00:00-0800,45.6206
2023-02-12T08:00:00-0800,45.8798
2023-02-12T09:00:00-0800,45.869
2023-02-12T10:00:00-0800,45.8366
2023-02-12T11:00:00-0800,45.8564
2023-02-12T12:00:00-0800,45.842
2023-02-12T13:00:00-0800,45.8618
2023-02-12T14:00:00-0800,45.6152
2023-02-12T15:00:00-0800,45.6692
2023-02-12T16:00:00-0800,45.662
2023-02-12T17:00:00-0800,45.6026
2023-02-12T18:00:00-0800,45.6512
2023-02-12T19:00:00-0800,45.5504
2023-02-12T20:00:00-0800,45.4676
2023-02-12T21:00:00-0800,45.3704
2023-02-12T22:00:00-0800,45.266
2023-02-12T23:00:00-0800,45.2858
2023-02-13T00:00:00-0800,45.347
2023-02-13T01:00:00-0800,45.3254
2023-02-13T02:00:00-0800,45.4334
2023-02-13T03:00:00-0800,45.3038
2023-02-13T04:00:00-0800,45.23
2023-02-13T05:00:00-0800,45.2354
2023-02-13T06:00:00-0800,45.2264
2023-02-13T07:00:00-0800,45.1634
2023-02-13T08:00:00-0800,45.1634
2023-02-13T09:00:00-0800,45.3794
2023-02-13T10:00:00-0800,45.3398
2023-02-13T11:00:00-0800,45.3056
2023-02-13T12:00:00-0800,45.2552
2023-02-13T13:00:00-0800,45.2534
2023-02-13T14:00:00-0800,45.1922
2023-02-13T15:00:00-0800,44.7044
2023-02-13T16:00:00-0800,44.7512
2023-02-13T17:00:00-0800,44.7008
2023-02-13T18:00:00-0800,44.8394
2023-02-13T19:00:00-0800,44.915
2023-02-13T20:00:00-0800,44.573
2023-02-13T21:00:00-0800,44.4722
2023-02-13T22:00:00-0800,44.3282
2023-02-13T23:00:00-0800,44.2202
2023-02-14T00:00:00-0800,43.9808
2023-02-14T01:00:00-0800,44.3714
2023-02-14T02:00:00-0800,44.1842
2023-02-14T03:00:00-0800,44.3606
2023-02-14T04:00:00-0800,43.6568
2023-02-14T05:00:00-0800,43.1762
2023-02-14T06:00:00-0800,43.6208
2023-02-14T07:00:00-0800,43.7738
2023-02-14T08:00:00-0800,43.808
2023-02-14T09:00:00-0800,44.006
2023-02-14T10:00:00-0800,43.9754
2023-02-14T11:00:00-0800,44.0276
2023-02-14T12:00:00-0800,44.0924
2023-02-14T13:00:00-0800,44.0168
2023-02-14T14:00:00-0800,44.06
2023-02-14T15:00:00-0800,43.9646
2023-02-14T16:00:00-0800,44.0402
2023-02-14T17:00:00-0800,44.0654
2023-02-14T18:00:00-0800,44.0258
2023-02-14T19:00:00-0800,44.132
2023-02-14T20:00:00-0800,43.979
2023-02-14T21:00:00-0800,43.682
2023-02-14T22:00:00-0800,43.7486
2023-02-14T23:00:00-0800,43.8548
2023-02-15T00:00:00-0800,43.8008
2023-02-15T01:00:00-0800,43.9556
2023-02-15T02:00:00-0800,43.7486
2023-02-15T03:00:00-0800,43.781
2023-02-15T04:00:00-0800,43.8026
2023-02-15T05:00:00-0800,43.8296
2023-02-15T06:00:00-0800,43.7792
2023-02-15T07:00:00-0800,44.0006
2023-02-15T08:00:00-0800,44.1572
2023-02-15T09:00:00-0800,44.5424
2023-02-15T10:00:00-0800,44.1266
2023-02-15T11:00:00-0800,44.7242
2023-02-15T12:00:00-0800,44.7188
2023-02-15T13:00:00-0800,44.8088
2023-02-15T14:00:00-0800,44.798
2023-02-15T15:00:00-0800,45.0446
2023-02-15T16:00:00-0800,45.041
2023-02-15T17:00:00-0800,45.14
2023-02-15T18:00:00-0800,45.3614
2023-02-15T19:00:00-0800,45.3362
2023-02-15T20:00:00-0800,45.3578
2023-02-15T21:00:00-0800,45.392
2023-02-15T22:00:00-0800,45.6296
2023-02-15T23:00:00-0800,45.599
2023-02-16T00:00:00-0800,45.6134
2023-02-16T01:00:00-0800,45.338
2023-02-16T02:00:00-0800,45.3434
2023-02-16T03:00:00-0800,45.4046
2023-02-16T04:00:00-0800,45.6206
2023-02-16T05:00:00-0800,45.4802
2023-02-16T06:00:00-0800,45.401
2023-02-16T07:00:00-0800,45.4136
2023-02-16T08:00:00-0800,45.3146
2023-02-16T09:00:00-0800,45.4208
2023-02-16T10:00:00-0800,45.4064
2023-02-16T11:00:00-0800,45.3686
2023-02-16T12:00:00-0800,45.4064
2023-02-16T13:00:00-0800,45.4298
2023-02-16T14:00:00-0800,45.5036
2023-02-16T15:00:00-0800,45.4226
2023-02-16T16:00:00-0800,45.4802
2023-02-16T17:00:00-0800,45.5216
2023-02-16T18:00:00-0800,45.428
2023-02-16T19:00:00-0800,45.5648
2023-02-16T20:00:00-0800,45.3722
2023-02-16T21:00:00-0800,45.3848
2023-02-16T22:00:00-0800,45.3524
2023-02-16T23:00:00-0800,45.2534
2023-02-17T00:00:00-0800,45.2912
2023-02-17T01:00:00-0800,45.2678
2023-02-17T02:00:00-0800,45.2336
2023-02-17T03:00:00-0800,44.7674
2023-02-17T04:00:00-0800,44.6144
2023-02-17T05:00:00-0800,44.6774
2023-02-17T06:00:00-0800,44.4614
2023-02-17T07:00:00-0800,44.888
2023-02-17T08:00:00-0800,44.9222
2023-02-17T09:00:00-0800,45.0428
2023-02-17T10:00:00-0800,45.0536
2023-02-17T11:00:00-0800,45.3164
2023-02-17T12:00:00-0800,45.4658
2023-02-17T13:00:00-0800,45.4478
2023-02-17T14:00:00-0800,45.1526
2023-02-17T15:00:00-0800,45.3164
2023-02-17T16:00:00-0800,45.4316
2023-02-17T17:00:00-0800,45.4424
2023-02-17T18:00:00-0800,45.4928
2023-02-17T19:00:00-0800,45.3722
2023-02-17T20:00:00-0800,45.2714
2023-02-17T21:00:00-0800,45.392
2023-02-17T22:00:00-0800,45.3902
2023-02-17T23:00:00-0800,45.4514
2023-02-18T00:00:00-0800,45.4514
2023-02-18T01:00:00-0800,45.4406
2023-02-18T02:00:00-0800,45.4784
2023-02-18T03:00:00-0800,45.4478
2023-02-18T04:00:00-0800,45.4676
2023-02-18T05:00:00-0800,45.4334
2023-02-18T06:00:00-0800,45.1382
2023-02-18T07:00:00-0800,45.1796
2023-02-18T08:00:00-0800,45.2012
2023-02-18T09:00:00-0800,45.3614
2023-02-18T10:00:00-0800,45.2984
2023-02-18T11:00:00-0800,44.915
2023-02-18T12:00:00-0800,45.0842
2023-02-18T13:00:00-0800,44.6234
2023-02-18T14:00:00-0800,44.9078
2023-02-18T15:00:00-0800,44.8736
2023-02-18T16:00:00-0800,44.843
2023-02-18T17:00:00-0800,45.1958
2023-02-18T18:00:00-0800,44.6432
2023-02-18T19:00:00-0800,44.6306
2023-02-18T20:00:00-0800,45.2282
2023-02-18T21:00:00-0800,45.1904
2023-02-18T22:00:00-0800,45.1058
2023-02-18T23:00:00-0800,45.1598
2023-02-19T00:00:00-0800,45.0554
2023-02-19T01:00:00-0800,44.8754
2023-02-19T02:00:00-0800,44.465
2023-02-19T03:00:00-0800,44.942
2023-02-19T04:00:00-0800,45.0518
2023-02-19T05:00:00-0800,44.8466
2023-02-19T06:00:00-0800,44.8628
2023-02-19T07:00:00-0800,45.0356
2023-02-19T08:00:00-0800,45.0464
2023-02-19T09:00:00-0800,45.1112
2023-02-19T10:00:00-0800,44.987
2023-02-19T11:00:00-0800,44.789
2023-02-19T12:00:00-0800,44.879
2023-02-19T13:00:00-0800,44.8412
2023-02-19T14:00:00-0800,44.9618
2023-02-19T15:00:00-0800,44.9618
2023-02-19T16:00:00-0800,44.9906
2023-02-19T17:00:00-0800,45.0212
2023-02-19T18:00:00-0800,44.969
2023-02-19T19:00:00-0800,44.879
2023-02-19T20:00:00-0800,44.8016
2023-02-19T21:00:00-0800,44.915
2023-02-19T22:00:00-0800,44.8268
2023-02-19T23:00:00-0800,44.8574
2023-02-20T00:00:00-0800,44.7764
2023-02-20T01:00:00-0800,44.8376
2023-02-20T02:00:00-0800,44.8628
2023-02-20T03:00:00-0800,44.5154
2023-02-20T04:00:00-0800,44.4488
2023-02-20T05:00:00-0800,44.5028
2023-02-20T06:00:00-0800,44.4884
2023-02-20T07:00:00-0800,44.456
2023-02-20T08:00:00-0800,44.5766
2023-02-20T09:00:00-0800,44.492
2023-02-20T10:00:00-0800,44.6
2023-02-20T11:00:00-0800,44.609
2023-02-20T12:00:00-0800,44.6234
2023-02-20T13:00:00-0800,44.6684
2023-02-20T14:00:00-0800,44.8088
2023-02-20T15:00:00-0800,44.7998
2023-02-20T16:00:00-0800,44.8322
2023-02-20T17:00:00-0800,44.7962
2023-02-20T18:00:00-0800,44.7296
2023-02-20T19:00:00-0800,44.6072
2023-02-20T20:00:00-0800,44.5514
2023-02-20T21:00:00-0800,44.6954
2023-02-20T22:00:00-0800,44.7152
2023-02-20T23:00:00-0800,44.7206
2023-02-21T00:00:00-0800,44.933
2023-02-21T01:00:00-0800,44.7152
2023-02-21T02:00:00-0800,44.7674
2023-02-21T03:00:00-0800,44.636
2023-02-21T04:00:00-0800,44.5136
2023-02-21T05:00:00-0800,44.2922
2023-02-21T06:00:00-0800,44.2472
2023-02-21T07:00:00-0800,44.2832
2023-02-21T08:00:00-0800,44.2058
2023-02-21T09:00:00-0800,44.2184
2023-02-21T10:00:00-0800,44.1878
2023-02-21T11:00:00-0800,44.0672
2023-02-21T12:00:00-0800,43.826
2023-02-21T13:00:00-0800,44.1428
2023-02-21T14:00:00-0800,44.186
2023-02-21T15:00:00-0800,44.087
2023-02-21T16:00:00-0800,44.0888
2023-02-21T17:00:00-0800,44.159
2023-02-21T18:00:00-0800,44.1374
2023-02-21T19:00:00-0800,44.1014
2023-02-21T20:00:00-0800,44.123
2023-02-21T21:00:00-0800,44.0438
2023-02-21T22:00:00-0800,44.0654
2023-02-21T23:00:00-0800,44.0024
2023-02-22T00:00:00-0800,43.9628
2023-02-22T01:00:00-0800,43.9646
2023-02-22T02:00:00-0800,43.9628
2023-02-22T03:00:00-0800,43.9736
2023-02-22T04:00:00-0800,44.0132
2023-02-22T05:00:00-0800,43.9646
2023-02-22T06:00:00-0800,44.0132
2023-02-22T07:00:00-0800,44.0042
2023-02-22T08:00:00-0800,43.4876
2023-02-22T09:00:00-0800,43.2752
2023-02-22T10:00:00-0800,42.9656
2023-02-22T11:00:00-0800,43.529
2023-02-22T12:00:00-0800,43.4858
2023-02-22T13:00:00-0800,43.5182
2023-02-22T14:00:00-0800,43.4426
2023-02-22T15:00:00-0800,43.556
2023-02-22T16:00:00-0800,43.5452
2023-02-22T17:00:00-0800,43.4336
2023-02-22T18:00:00-0800,43.2806
2023-02-22T19:00:00-0800,43.3526
2023-02-22T20:00:00-0800,43.4642
2023-02-22T21:00:00-0800,43.3886
2023-02-22T22:00:00-0800,43.241
2023-02-22T23:00:00-0800,42.8306
2023-02-23T00:00:00-0800,42.8648
2023-02-23T01:00:00-0800,42.8792
2023-02-23T02:00:00-0800,42.4778
2023-02-23T03:00:00-0800,42.9602
2023-02-23T04:00:00-0800,42.7946
2023-02-23T05:00:00-0800,42.6002
2023-02-23T06:00:00-0800,42.5444
2023-02-23T07:00:00-0800,42.6596
2023-02-23T08:00:00-0800,42.6308
2023-02-23T09:00:00-0800,42.7334
2023-02-23T10:00:00-0800,42.5786
2023-02-23T11:00:00-0800,42.8828
2023-02-23T12:00:00-0800,42.908
2023-02-23T13:00:00-0800,42.935
2023-02-23T14:00:00-0800,43.025
2023-02-23T15:00:00-0800,43.0286
2023-02-23T16:00:00-0800,43.0466
2023-02-23T17:00:00-0800,42.9728
2023-02-23T18:00:00-0800,42.998
2023-02-23T19:00:00-0800,42.9332
2023-02-23T20:00:00-0800,42.8684
2023-02-23T21:00:00-0800,42.8612
2023-02-23T22:00:00-0800,42.7982
2023-02-23T23:00:00-0800,42.7658
2023-02-24T00:00:00-0800,42.7766
2023-02-24T01:00:00-0800,42.701
2023-02-24T02:00:00-0800,42.6038
2023-02-24T03:00:00-0800,42.593
2023-02-24T04:00:00-0800,42.5552
2023-02-24T05:00:00-0800,42.6992
2023-02-24T06:00:00-0800,42.5732
2023-02-24T07:00:00-0800,42.7442
2023-02-24T08:00:00-0800,42.6308
2023-02-24T09:00:00-0800,42.5894
2023-02-24T10:00:00-0800,42.4832
2023-02-24T11:00:00-0800,42.575
2023-02-24T12:00:00-0800,42.431
2023-02-24T13:00:00-0800,42.4796
2023-02-24T14:00:00-0800,42.4688
2023-02-24T15:00:00-0800,42.4688
2023-02-24T16:00:00-0800,42.4544
2023-02-24T17:00:00-0800,42.4562
2023-02-24T18:00:00-0800,42.3896
2023-02-24T19:00:00-0800,42.3176
2023-02-24T20:00:00-0800,42.3896
2023-02-24T21:00:00-0800,42.3266
2023-02-24T22:00:00-0800,42.4112
2023-02-24T23:00:00-0800,42.3716
2023-02-25T00:00:00-0800,42.413
2023-02-25T01:00:00-0800,42.251
2023-02-25T02:00:00-0800,42.215
2023-02-25T03:00:00-0800,42.2042
2023-02-25T04:00:00-0800,42.251
2023-02-25T05:00:00-0800,42.26
2023-02-25T06:00:00-0800,42.1178
2023-02-25T07:00:00-0800,41.945
2023-02-25T08:00:00-0800,42.0296
2023-02-25T09:00:00-0800,42.035
2023-02-25T10:00:00-0800,42.0746
2023-02-25T11:00:00-0800,42.3194
2023-02-25T12:00:00-0800,42.3374
2023-02-25T13:00:00-0800,42.404
2023-02-25T14:00:00-0800,42.485
2023-02-25T15:00:00-0800,42.4652
2023-02-25T16:00:00-0800,42.4328
2023-02-25T17:00:00-0800,42.5084
2023-02-25T18:00:00-0800,42.4616
2023-02-25T19:00:00-0800,42.5498
2023-02-25T20:00:00-0800,42.521
2023-02-25T21:00:00-0800,42.404
2023-02-25T22:00:00-0800,42.377
2023-02-25T23:00:00-0800,42.3734
2023-02-26T00:00:00-0800,42.287
2023-02-26T01:00:00-0800,41.738
2023-02-26T02:00:00-0800,42.1052
2023-02-26T03:00:00-0800,42.278
2023-02-26T04:00:00-0800,42.5462
2023-02-26T05:00:00-0800,42.4346
2023-02-26T06:00:00-0800,42.4454
2023-02-26T07:00:00-0800,42.2006
2023-02-26T08:00:00-0800,42.3914
2023-02-26T09:00:00-0800,42.611
2023-02-26T10:00:00-0800,42.6668
2023-02-26T11:00:00-0800,42.2834
2023-02-26T12:00:00-0800,42.404
2023-02-26T13:00:00-0800,42.5804
2023-02-26T14:00:00-0800,42.5534
2023-02-26T15:00:00-0800,42.6272
2023-02-26T16:00:00-0800,42.692
2023-02-26T17:00:00-0800,42.692
2023-02-26T18:00:00-0800,42.6488
2023-02-26T19:00:00-0800,42.548
2023-02-26T20:00:00-0800,42.4022
2023-02-26T21:00:00-0800,42.4184
2023-02-26T22:00:00-0800,42.2996
2023-02-26T23:00:00-0800,42.5318
2023-02-27T00:00:00-0800,42.6074
2023-02-27T01:00:00-0800,42.1412
2023-02-27T02:00:00-0800,42.341
2023-02-27T03:00:00-0800,41.4122
2023-02-27T04:00:00-0800,41.9918
2023-02-27T05:00:00-0800,42.6002
2023-02-27T06:00:00-0800,42.125
2023-02-27T07:00:00-0800,41.6678
2023-02-27T08:00:00-0800,41.7488
2023-02-27T09:00:00-0800,42.3212
2023-02-27T10:00:00-0800,42.4814
2023-02-27T11:00:00-0800,42.3644
2023-02-27T12:00:00-0800,42.584
2023-02-27T13:00:00-0800,42.1988
2023-02-27T14:00:00-0800,42.6848
2023-02-27T15:00:00-0800,42.224
2023-02-27T16:00:00-0800,42.6992
2023-02-27T17:00:00-0800,42.8198
2023-02-27T18:00:00-0800,42.6038
2023-02-27T19:00:00-0800,42.7676
2023-02-27T20:00:00-0800,42.3032
2023-02-27T21:00:00-0800,42.5102
2023-02-27T22:00:00-0800,41.5238
2023-02-27T23:00:00-0800,41.4392
2023-02-28T00:00:00-0800,41.1782
2023-02-28T01:00:00-0800,41.2358
2023-02-28T02:00:00-0800,41.351
2023-02-28T03:00:00-0800,41.558
2023-02-28T04:00:00-0800,41.4428
2023-02-28T05:00:00-0800,41.4338
2023-02-28T06:00:00-0800,41.3924
2023-02-28T07:00:00-0800,41.5688
2023-02-28T08:00:00-0800,41.3384
2023-02-28T09:00:00-0800,41.6372
2023-02-28T10:00:00-0800,41.4842
2023-02-28T11:00:00-0800,41.4338
2023-02-28T12:00:00-0800,41.6372
2023-02-28T13:00:00-0800,41.7434
2023-02-28T14:00:00-0800,42.0872
2023-02-28T15:00:00-0800,42.1034
2023-02-28T16:00:00-0800,41.9918
2023-02-28T17:00:00-0800,42.0026
2023-02-28T18:00:00-0800,41.9522
2023-02-28T19:00:00-0800,42.0386
2023-02-28T20:00:00-0800,41.8442
2023-02-28T21:00:00-0800,41.585
2023-02-28T22:00:00-0800,41.621
2023-02-28T23:00:00-0800,41.7308
2023-03-01T00:00:00-0800,41.6138
2023-03-01T01:00:00-0800,40.9316
2023-03-01T02:00:00-0800,40.9226
2023-03-01T03:00:00-0800,41.135
2023-03-01T04:00:00-0800,41.3078
2023-03-01T05:00:00-0800,41.4932
2023-03-01T06:00:00-0800,41.2934
2023-03-01T07:00:00-0800,40.658
2023-03-01T08:00:00-0800,41.0666
2023-03-01T09:00:00-0800,40.7066
2023-03-01T10:00:00-0800,41.2862
2023-03-01T11:00:00-0800,41.3816
2023-03-01T12:00:00-0800,41.432
2023-03-01T13:00:00-0800,41.621
2023-03-01T14:00:00-0800,41.6426
2023-03-01T15:00:00-0800,41.4824
2023-03-01T16:00:00-0800,41.7038
2023-03-01T17:00:00-0800,41.7884
2023-03-01T18:00:00-0800,42.062
2023-03-01T19:00:00-0800,42.179
2023-03-01T20:00:00-0800,42.3968
2023-03-01T21:00:00-0800,42.6542
2023-03-01T22:00:00-0800,42.6866
2023-03-01T23:00:00-0800,42.5948
2023-03-02T00:00:00-0800,42.5156
2023-03-02T01:00:00-0800,42.3086
2023-03-02T02:00:00-0800,41.918
2023-03-02T03:00:00-0800,41.9936
2023-03-02T04:00:00-0800,42.0602
2023-03-02T05:00:00-0800,42.1052
2023-03-02T06:00:00-0800,42.1628
2023-03-02T07:00:00-0800,42.1574
2023-03-02T08:00:00-0800,42.026
2023-03-02T09:00:00-0800,41.9306
2023-03-02T10:00:00-0800,42.0908
2023-03-02T11:00:00-0800,42.1268
2023-03-02T12:00:00-0800,42.2906
2023-03-02T13:00:00-0800,42.4022
2023-03-02T14:00:00-0800,42.4292
2023-03-02T15:00:00-0800,42.404
2023-03-02T16:00:00-0800,42.6776
2023-03-02T17:00:00-0800,42.557
2023-03-02T18:00:00-0800,42.5462
2023-03-02T19:00:00-0800,42.4724
2023-03-02T20:00:00-0800,42.4454
2023-03-02T21:00:00-0800,42.5192
2023-03-02T22:00:00-0800,42.3446
2023-03-02T23:00:00-0800,42.3392
2023-03-03T00:00:00-0800,42.242
2023-03-03T01:00:00-0800,42.3662
2023-03-03T02:00:00-0800,42.2528
2023-03-03T03:00:00-0800,42.3194
2023-03-03T04:00:00-0800,42.1322
2023-03-03T05:00:00-0800,41.9954
2023-03-03T06:00:00-0800,41.9018
2023-03-03T07:00:00-0800,42.1016
2023-03-03T08:00:00-0800,42.026
2023-03-03T09:00:00-0800,42.1844
2023-03-03T10:00:00-0800,42.35
2023-03-03T11:00:00-0800,42.287
2023-03-03T12:00:00-0800,42.3158
2023-03-03T13:00:00-0800,42.4094
2023-03-03T14:00:00-0800,42.359
2023-03-03T15:00:00-0800,42.4652
2023-03-03T16:00:00-0800,42.7262
2023-03-03T17:00:00-0800,43.0484
2023-03-03T18:00:00-0800,42.773
2023-03-03T19:00:00-0800,42.8072
2023-03-03T20:00:00-0800,42.881
2023-03-03T21:00:00-0800,42.431
2023-03-03T22:00:00-0800,42.773
2023-03-03T23:00:00-0800,42.917
2023-03-04T00:00:00-0800,42.4382
2023-03-04T01:00:00-0800,42.6182
2023-03-04T02:00:00-0800,42.2492
2023-03-04T03:00:00-0800,42.7964
2023-03-04T04:00:00-0800,42.4364
2023-03-04T05:00:00-0800,42.6146
2023-03-04T06:00:00-0800,42.809
2023-03-04T07:00:00-0800,42.5822
2023-03-04T08:00:00-0800,42.5048
2023-03-04T09:00:00-0800,42.1916
2023-03-04T10:00:00-0800,41.9936
2023-03-04T11:00:00-0800,42.224
2023-03-04T12:00:00-0800,42.2744
2023-03-04T13:00:00-0800,42.6488
2023-03-04T14:00:00-0800,42.5876
2023-03-04T15:00:00-0800,42.5264
2023-03-04T16:00:00-0800,42.674
2023-03-04T17:00:00-0800,42.5984
2023-03-04T18:00:00-0800,42.701
2023-03-04T19:00:00-0800,42.6506
2023-03-04T20:00:00-0800,42.6128
2023-03-04T21:00:00-0800,42.6506
2023-03-04T22:00:00-0800,42.26
2023-03-04T23:00:00-0800,42.5246
2023-03-05T00:00:00-0800,42.359
2023-03-05T01:00:00-0800,42.431
2023-03-05T02:00:00-0800,42.2654
2023-03-05T03:00:00-0800,42.3662
2023-03-05T04:00:00-0800,42.6578
2023-03-05T05:00:00-0800,42.6128
2023-03-05T06:00:00-0800,42.5102
2023-03-05T07:00:00-0800,42.4958
2023-03-05T08:00:00-0800,42.5174
2023-03-05T09:00:00-0800,42.4112
2023-03-05T10:00:00-0800,42.4112
2023-03-05T11:00:00-0800,42.3698
2023-03-05T12:00:00-0800,42.2114
2023-03-05T13:00:00-0800,42.2348
2023-03-05T14:00:00-0800,42.2204
2023-03-05T15:00:00-0800,42.242
2023-03-05T16:00:00-0800,42.2654
2023-03-05T17:00:00-0800,42.2762
2023-03-05T18:00:00-0800,42.2492
2023-03-05T19:00:00-0800,42.2276
2023-03-05T20:00:00-0800,42.2474
2023-03-05T21:00:00-0800,42.2114
2023-03-05T22:00:00-0800,42.1502
2023-03-05T23:00:00-0800,42.1394
2023-03-06T00:00:00-0800,42.0044
2023-03-06T01:00:00-0800,41.9144
2023-03-06T02:00:00-0800,41.8424
2023-03-06T03:00:00-0800,41.873
2023-03-06T04:00:00-0800,41.9036
2023-03-06T05:00:00-0800,41.8874
2023-03-06T06:00:00-0800,41.9324
2023-03-06T07:00:00-0800,41.8892
2023-03-06T08:00:00-0800,41.855
2023-03-06T09:00:00-0800,41.7848
2023-03-06T10:00:00-0800,41.6408
2023-03-06T11:00:00-0800,41.5958
2023-03-06T12:00:00-0800,41.5652
2023-03-06T13:00:00-0800,41.5868
2023-03-06T14:00:00-0800,41.6516
2023-03-06T15:00:00-0800,41.702
2023-03-06T16:00:00-0800,41.7056
2023-03-06T17:00:00-0800,41.8154
2023-03-06T18:00:00-0800,41.8694
2023-03-06T19:00:00-0800,41.846
2023-03-06T20:00:00-0800,41.7884
2023-03-06T21:00:00-0800,41.765
2023-03-06T22:00:00-0800,41.7668
2023-03-06T23:00:00-0800,41.747
2023-03-07T00:00:00-0800,41.7596
2023-03-07T01:00:00-0800,41.7704
2023-03-07T02:00:00-0800,41.756
2023-03-07T03:00:00-0800,41.7452
2023-03-07T04:00:00-0800,41.6966
2023-03-07T05:00:00-0800,41.7434
2023-03-07T06:00:00-0800,41.8388
2023-03-07T07:00:00-0800,41.8658
2023-03-07T08:00:00-0800,41.927
2023-03-07T09:00:00-0800,41.9054
2023-03-07T10:00:00-0800,41.8082
2023-03-07T11:00:00-0800,41.8748
2023-03-07T12:00:00-0800,41.8064
2023-03-07T13:00:00-0800,41.9666
2023-03-07T14:00:00-0800,42.0206
2023-03-07T15:00:00-0800,42.0872
2023-03-07T16:00:00-0800,42.0242
2023-03-07T17:00:00-0800,41.9828
2023-03-07T18:00:00-0800,42.017
2023-03-07T19:00:00-0800,41.9846
2023-03-07T20:00:00-0800,41.9432
2023-03-07T21:00:00-0800,41.9288
2023-03-07T22:00:00-0800,41.9324
2023-03-07T23:00:00-0800,41.8676
2023-03-08T00:00:00-0800,41.7308
2023-03-08T01:00:00-0800,41.5022
2023-03-08T02:00:00-0800,41.0162
2023-03-08T03:00:00-0800,41.342
2023-03-08T04:00:00-0800,41.549
2023-03-08T05:00:00-0800,41.153
2023-03-08T06:00:00-0800,41.7164
2023-03-08T07:00:00-0800,41.6156
2023-03-08T08:00:00-0800,41.7794
2023-03-08T09:00:00-0800,41.8712
2023-03-08T10:00:00-0800,41.8802
2023-03-08T11:00:00-0800,41.4032
2023-03-08T12:00:00-0800,41.495
2023-03-08T13:00:00-0800,41.8748
2023-03-08T14:00:00-0800,41.8568
2023-03-08T15:00:00-0800,42.0224
2023-03-08T16:00:00-0800,42.224
2023-03-08T17:00:00-0800,42.2618
2023-03-08T18:00:00-0800,42.206
2023-03-08T19:00:00-0800,42.1016
2023-03-08T20:00:00-0800,42.071
2023-03-08T21:00:00-0800,42.0404
2023-03-08T22:00:00-0800,41.9378
2023-03-08T23:00:00-0800,41.8838
2023-03-09T00:00:00-0800,41.7812
2023-03-09T01:00:00-0800,41.9864
2023-03-09T02:00:00-0800,41.9828
2023-03-09T03:00:00-0800,41.99
2023-03-09T04:00:00-0800,41.1296
2023-03-09T05:00:00-0800,41.6714
2023-03-09T06:00:00-0800,41.8064
2023-03-09T07:00:00-0800,41.4518
2023-03-09T08:00:00-0800,41.5598
2023-03-09T09:00:00-0800,41.486
2023-03-09T10:00:00-0800,41.8622
2023-03-09T11:00:00-0800,41.9684
2023-03-09T12:00:00-0800,41.8154
2023-03-09T13:00:00-0800,42.1574
2023-03-09T14:00:00-0800,42.2384
2023-03-09T15:00:00-0800,42.4382
2023-03-09T16:00:00-0800,42.4166
2023-03-09T17:00:00-0800,42.4814
2023-03-09T18:00:00-0800,42.4616
2023-03-09T19:00:00-0800,42.2672
2023-03-09T20:00:00-0800,42.2474
2023-03-09T21:00:00-0800,42.1736
2023-03-09T22:00:00-0800,42.179
2023-03-09T23:00:00-0800,42.1682
2023-03-10T00:00:00-0800,42.0494
2023-03-10T01:00:00-0800,41.8388
2023-03-10T02:00:00-0800,42.251
2023-03-10T03:00:00-0800,42.233
2023-03-10T04:00:00-0800,42.17
2023-03-10T05:00:00-0800,41.8496
2023-03-10T06:00:00-0800,41.4212
2023-03-10T07:00:00-0800,41.8748
2023-03-10T08:00:00-0800,41.9792
2023-03-10T09:00:00-0800,41.8532
2023-03-10T10:00:00-0800,41.8568
2023-03-10T11:00:00-0800,41.9774
2023-03-10T12:00:00-0800,42.1682
2023-03-10T13:00:00-0800,42.0836
2023-03-10T14:00:00-0800,42.3716
2023-03-10T15:00:00-0800,42.2006
2023-03-10T16:00:00-0800,42.2834
2023-03-10T17:00:00-0800,42.4166
2023-03-10T18:00:00-0800,42.7028
2023-03-10T19:00:00-0800,42.5426
2023-03-10T20:00:00-0800,42.422
2023-03-10T21:00:00-0800,42.3428
2023-03-10T22:00:00-0800,42.2654
2023-03-10T23:00:00-0800,42.2384
2023-03-11T00:00:00-0800,42.152
2023-03-11T01:00:00-0800,42.2348
2023-03-11T02:00:00-0800,42.4094
2023-03-11T03:00:00-0800,42.3014
2023-03-11T04:00:00-0800,41.9414
2023-03-11T05:00:00-0800,41.81
2023-03-11T06:00:00-0800,41.7164
2023-03-11T07:00:00-0800,41.99
2023-03-11T08:00:00-0800,42.1826
2023-03-11T09:00:00-0800,42.1304
2023-03-11T10:00:00-0800,42.017
2023-03-11T11:00:00-0800,41.9468
2023-03-11T12:00:00-0800,41.9918
2023-03-11T13:00:00-0800,42.053
2023-03-11T14:00:00-0800,42.1412
2023-03-11T15:00:00-0800,42.17
2023-03-11T16:00:00-0800,42.1898
2023-03-11T17:00:00-0800,42.2096
2023-03-11T18:00:00-0800,42.2402
2023-03-11T19:00:00-0800,42.2042
2023-03-11T20:00:00-0800,42.1826
2023-03-11T21:00:00-0800,42.1862
2023-03-11T22:00:00-0800,42.323
2023-03-11T23:00:00-0800,42.1916
2023-03-12T00:00:00-0800,42.2024
2023-03-12T01:00:00-0800,42.3266
2023-03-12T03:00:00-0700,42.143
2023-03-12T04:00:00-0700,42.062
2023-03-12T05:00:00-0700,41.9972
2023-03-12T06:00:00-0700,42.0008
2023-03-12T07:00:00-0700,42.0044
2023-03-12T08:00:00-0700,42.1376
2023-03-12T09:00:00-0700,42.188
2023-03-12T10:00:00-0700,42.2798
2023-03-12T11:00:00-0700,42.1844
2023-03-12T12:00:00-0700,42.3014
2023-03-12T13:00:00-0700,42.0296
2023-03-12T14:00:00-0700,42.2942
2023-03-12T15:00:00-0700,42.1286
2023-03-12T16:00:00-0700,42.1592
2023-03-12T17:00:00-0700,42.1934
2023-03-12T18:00:00-0700,42.2258
2023-03-12T19:00:00-0700,42.2294
2023-03-12T20:00:00-0700,42.1682
2023-03-12T21:00:00-0700,42.1844
2023-03-12T22:00:00-0700,42.2096
2023-03-12T23:00:00-0700,42.0494
2023-03-13T00:00:00-0700,42.1718
2023-03-13T01:00:00-0700,42.1358
2023-03-13T02:00:00-0700,42.1196
2023-03-13T03:00:00-0700,42.071
2023-03-13T04:00:00-0700,42.026
2023-03-13T05:00:00-0700,42.0314
2023-03-13T06:00:00-0700,41.936
2023-03-13T07:00:00-0700,41.8316
2023-03-13T08:00:00-0700,41.7758
2023-03-13T09:00:00-0700,41.7794
2023-03-13T10:00:00-0700,41.7848
2023-03-13T11:00:00-0700,41.7794
2023-03-13T12:00:00-0700,41.6786
2023-03-13T13:00:00-0700,41.9378
2023-03-13T14:00:00-0700,42.0062
2023-03-13T15:00:00-0700,41.738
2023-03-13T16:00:00-0700,42.0674
2023-03-13T17:00:00-0700,41.7884
2023-03-13T18:00:00-0700,42.134
2023-03-13T19:00:00-0700,42.1736
2023-03-13T20:00:00-0700,42.1718
2023-03-13T21:00:00-0700,42.2096
2023-03-13T22:00:00-0700,42.1682
2023-03-13T23:00:00-0700,42.1988
2023-03-14T00:00:00-0700,42.0962
2023-03-14T01:00:00-0700,41.783
2023-03-14T02:00:00-0700,41.837
2023-03-14T03:00:00-0700,42.08
2023-03-14T04:00:00-0700,41.8694
2023-03-14T05:00:00-0700,41.8244
2023-03-14T06:00:00-0700,41.7776
2023-03-14T07:00:00-0700,42.2042
2023-03-14T08:00:00-0700,42.0854
2023-03-14T09:00:00-0700,42.0332
2023-03-14T10:00:00-0700,42.089
2023-03-14T11:00:00-0700,42.2276
2023-03-14T12:00:00-0700,42.3752
2023-03-14T13:00:00-0700,42.4562
2023-03-14T14:00:00-0700,42.3752
2023-03-14T15:00:00-0700,42.467
2023-03-14T16:00:00-0700,42.4274
2023-03-14T17:00:00-0700,42.3914
2023-03-14T18:00:00-0700,42.377
2023-03-14T19:00:00-0700,42.4382
2023-03-14T20:00:00-0700,42.4364
2023-03-14T21:00:00-0700,42.4346
2023-03-14T22:00:00-0700,42.4112
2023-03-14T23:00:00-0700,42.3734
2023-03-15T00:00:00-0700,42.332
2023-03-15T01:00:00-0700,42.116
2023-03-15T02:00:00-0700,41.8658
2023-03-15T03:00:00-0700,42.2312
2023-03-15T04:00:00-0700,41.7632
2023-03-15T05:00:00-0700,42.0854
2023-03-15T06:00:00-0700,41.7848
2023-03-15T07:00:00-0700,42.0998
2023-03-15T08:00:00-0700,42.2834
2023-03-15T09:00:00-0700,41.8496
2023-03-15T10:00:00-0700,42.0692
2023-03-15T11:00:00-0700,42.4346
2023-03-15T12:00:00-0700,42.5552
2023-03-15T13:00:00-0700,42.4598
2023-03-15T14:00:00-0700,42.2762
2023-03-15T15:00:00-0700,42.6056
2023-03-15T16:00:00-0700,42.575
2023-03-15T17:00:00-0700,42.566
2023-03-15T18:00:00-0700,42.368
2023-03-15T19:00:00-0700,42.6722
2023-03-15T20:00:00-0700,42.647
2023-03-15T21:00:00-0700,42.5588
2023-03-15T22:00:00-0700,42.5156
2023-03-15T23:00:00-0700,42.4742
2023-03-16T00:00:00-0700,42.3788
2023-03-16T01:00:00-0700,42.4094
2023-03-16T02:00:00-0700,42.5786
2023-03-16T03:00:00-0700,42.3716
2023-03-16T04:00:00-0700,42.4778
2023-03-16T05:00:00-0700,42.5282
2023-03-16T06:00:00-0700,42.5084
2023-03-16T07:00:00-0700,42.2816
2023-03-16T08:00:00-0700,42.4652
2023-03-16T09:00:00-0700,42.4202
2023-03-16T10:00:00-0700,42.5372
2023-03-16T11:00:00-0700,42.53
2023-03-16T12:00:00-0700,42.5156
2023-03-16T13:00:00-0700,42.5732
2023-03-16T14:00:00-0700,42.638
2023-03-16T15:00:00-0700,42.9512
2023-03-16T16:00:00-0700,43.0916
2023-03-16T17:00:00-0700,43.628
2023-03-16T18:00:00-0700,43.7
2023-03-16T19:00:00-0700,43.9484
2023-03-16T20:00:00-0700,43.8314
2023-03-16T21:00:00-0700,43.8908
2023-03-16T22:00:00-0700,43.6028
2023-03-16T23:00:00-0700,43.484
2023-03-17T00:00:00-0700,43.4048
2023-03-17T01:00:00-0700,42.9224
2023-03-17T02:00:00-0700,43.0952
2023-03-17T03:00:00-0700,43.1582
2023-03-17T04:00:00-0700,43.3832
2023-03-17T05:00:00-0700,43.2374
2023-03-17T06:00:00-0700,43.061
2023-03-17T07:00:00-0700,42.8576
2023-03-17T08:00:00-0700,42.5948
2023-03-17T09:00:00-0700,42.5516
2023-03-17T10:00:00-0700,42.6056
2023-03-17T11:00:00-0700,42.5264
2023-03-17T12:00:00-0700,42.9512
2023-03-17T13:00:00-0700,42.827
2023-03-17T14:00:00-0700,43.295
2023-03-17T15:00:00-0700,43.1996
2023-03-17T16:00:00-0700,43.376
2023-03-17T17:00:00-0700,43.511
2023-03-17T18:00:00-0700,43.412
2023-03-17T19:00:00-0700,43.4822
2023-03-17T20:00:00-0700,43.3274
2023-03-17T21:00:00-0700,43.2176
2023-03-17T22:00:00-0700,43.3148
2023-03-17T23:00:00-0700,43.2554
2023-03-18T00:00:00-0700,43.1438
2023-03-18T01:00:00-0700,43.0844
2023-03-18T02:00:00-0700,43.1492
2023-03-18T03:00:00-0700,43.0304
2023-03-18T04:00:00-0700,43.0754
2023-03-18T05:00:00-0700,42.989
2023-03-18T06:00:00-0700,42.9098
2023-03-18T07:00:00-0700,42.9098
2023-03-18T08:00:00-0700,42.9062
2023-03-18T09:00:00-0700,42.8972
2023-03-18T10:00:00-0700,42.872
2023-03-18T11:00:00-0700,42.9242
2023-03-18T12:00:00-0700,42.9404
2023-03-18T13:00:00-0700,43.403
2023-03-18T14:00:00-0700,43.0502
2023-03-18T15:00:00-0700,43.1078
2023-03-18T16:00:00-0700,43.4138
2023-03-18T17:00:00-0700,43.4642
2023-03-18T18:00:00-0700,43.3346
2023-03-18T19:00:00-0700,43.3256
2023-03-18T20:00:00-0700,43.2698
2023-03-18T21:00:00-0700,43.3328
2023-03-18T22:00:00-0700,43.3544
2023-03-18T23:00:00-0700,43.2716
2023-03-19T00:00:00-0700,43.1294
2023-03-19T01:00:00-0700,42.8846
2023-03-19T02:00:00-0700,43.0844
2023-03-19T03:00:00-0700,43.1276
2023-03-19T04:00:00-0700,43.0484
2023-03-19T05:00:00-0700,43.0214
2023-03-19T06:00:00-0700,43.0754
2023-03-19T07:00:00-0700,43.0754
2023-03-19T08:00:00-0700,43.0808
2023-03-19T09:00:00-0700,43.0988
2023-03-19T10:00:00-0700,43.1078
2023-03-19T11:00:00-0700,43.124
2023-03-19T12:00:00-0700,43.1582
2023-03-19T13:00:00-0700,43.259
2023-03-19T14:00:00-0700,43.1384
2023-03-19T15:00:00-0700,43.1492
2023-03-19T16:00:00-0700,43.241
2023-03-19T17:00:00-0700,43.376
2023-03-19T18:00:00-0700,43.3868
2023-03-19T19:00:00-0700,43.304
2023-03-19T20:00:00-0700,43.2338
2023-03-19T21:00:00-0700,43.3652
2023-03-19T22:00:00-0700,43.3202
2023-03-19T23:00:00-0700,43.3364
2023-03-20T00:00:00-0700,43.2914
2023-03-20T01:00:00-0700,43.2158
2023-03-20T02:00:00-0700,43.1744
2023-03-20T03:00:00-0700,43.1006
2023-03-20T04:00:00-0700,43.1564
2023-03-20T05:00:00-0700,43.0448
2023-03-20T06:00:00-0700,43.0448
2023-03-20T07:00:00-0700,42.9872
2023-03-20T08:00:00-0700,43.0592
2023-03-20T09:00:00-0700,43.0502
2023-03-20T10:00:00-0700,43.0322
2023-03-20T11:00:00-0700,43.0826
2023-03-20T12:00:00-0700,43.0682
2023-03-20T13:00:00-0700,43.1438
2023-03-20T14:00:00-0700,43.1816
2023-03-20T15:00:00-0700,43.7702
2023-03-20T16:00:00-0700,43.3112
2023-03-20T17:00:00-0700,43.2896
2023-03-20T18:00:00-0700,43.3832
2023-03-20T19:00:00-0700,43.6136
2023-03-20T20:00:00-0700,44.1662
2023-03-20T21:00:00-0700,43.7414
2023-03-20T22:00:00-0700,44.015
2023-03-20T23:00:00-0700,43.6208
2023-03-21T00:00:00-0700,43.5812
2023-03-21T01:00:00-0700,43.8908
2023-03-21T02:00:00-0700,43.6946
2023-03-21T03:00:00-0700,43.6478
2023-03-21T04:00:00-0700,43.5218
2023-03-21T05:00:00-0700,43.862
2023-03-21T06:00:00-0700,43.5308
2023-03-21T07:00:00-0700,43.196
2023-03-21T08:00:00-0700,43.1672
2023-03-21T09:00:00-0700,43.4498
2023-03-21T10:00:00-0700,43.493
2023-03-21T11:00:00-0700,43.5038
2023-03-21T12:00:00-0700,43.5182
2023-03-21T13:00:00-0700,43.5416
2023-03-21T14:00:00-0700,43.7918
2023-03-21T15:00:00-0700,43.5614
2023-03-21T16:00:00-0700,43.682
2023-03-21T17:00:00-0700,43.8188
2023-03-21T18:00:00-0700,43.862
2023-03-21T19:00:00-0700,43.934
2023-03-21T20:00:00-0700,44.033
2023-03-21T21:00:00-0700,43.7882
2023-03-21T22:00:00-0700,43.9124
2023-03-21T23:00:00-0700,43.9232
2023-03-22T00:00:00-0700,44.015
2023-03-22T01:00:00-0700,43.8422
2023-03-22T02:00:00-0700,43.7486
2023-03-22T03:00:00-0700,43.8494
2023-03-22T04:00:00-0700,43.7954
2023-03-22T05:00:00-0700,43.7882
2023-03-22T06:00:00-0700,43.61
2023-03-22T07:00:00-0700,44.1428
2023-03-22T08:00:00-0700,44.0276
2023-03-22T09:00:00-0700,43.9628
2023-03-22T10:00:00-0700,43.7612
2023-03-22T11:00:00-0700,43.9088
2023-03-22T12:00:00-0700,43.916
2023-03-22T13:00:00-0700,43.871
2023-03-22T14:00:00-0700,43.8044
2023-03-22T15:00:00-0700,43.8962
2023-03-22T16:00:00-0700,43.9142
2023-03-22T17:00:00-0700,43.8296
2023-03-22T18:00:00-0700,43.655
2023-03-22T19:00:00-0700,43.2914
2023-03-22T20:00:00-0700,43.5506
2023-03-22T21:00:00-0700,43.601
2023-03-22T22:00:00-0700,43.6406
2023-03-22T23:00:00-0700,43.556
2023-03-23T00:00:00-0700,43.5542
2023-03-23T01:00:00-0700,43.601
2023-03-23T02:00:00-0700,43.619
2023-03-23T03:00:00-0700,43.6118
2023-03-23T04:00:00-0700,43.5704
2023-03-23T05:00:00-0700,43.5182
2023-03-23T06:00:00-0700,43.3832
2023-03-23T07:00:00-0700,43.3436
2023-03-23T08:00:00-0700,43.259
2023-03-23T09:00:00-0700,43.2896
2023-03-23T10:00:00-0700,43.2356
2023-03-23T11:00:00-0700,43.2428
2023-03-23T12:00:00-0700,43.2626
2023-03-23T13:00:00-0700,43.2518
2023-03-23T14:00:00-0700,43.2716
2023-03-23T15:00:00-0700,43.2788
2023-03-23T16:00:00-0700,43.268
2023-03-23T17:00:00-0700,43.367
2023-03-23T18:00:00-0700,43.4372
2023-03-23T19:00:00-0700,43.4354
2023-03-23T20:00:00-0700,43.3616
2023-03-23T21:00:00-0700,43.2032
2023-03-23T22:00:00-0700,43.277
2023-03-23T23:00:00-0700,43.2716
2023-03-24T00:00:00-0700,42.935
2023-03-24T01:00:00-0700,43.1474
2023-03-24T02:00:00-0700,43.079
2023-03-24T03:00:00-0700,43.2482
2023-03-24T04:00:00-0700,43.1186
2023-03-24T05:00:00-0700,43.2788
2023-03-24T06:00:00-0700,43.0574
2023-03-24T07:00:00-0700,42.8846
2023-03-24T08:00:00-0700,42.8432
2023-03-24T09:00:00-0700,42.9188
2023-03-24T10:00:00-0700,42.8144
2023-03-24T11:00:00-0700,42.5012
2023-03-24T12:00:00-0700,42.7532
2023-03-24T13:00:00-0700,42.9458
2023-03-24T14:00:00-0700,42.9746
2023-03-24T15:00:00-0700,43.0412
2023-03-24T16:00:00-0700,43.1312
2023-03-24T17:00:00-0700,43.286
2023-03-24T18:00:00-0700,43.3364
2023-03-24T19:00:00-0700,43.313
2023-03-24T20:00:00-0700,43.2482
2023-03-24T21:00:00-0700,43.2266
2023-03-24T22:00:00-0700,43.232
2023-03-24T23:00:00-0700,43.1456
2023-03-25T00:00:00-0700,42.9818
2023-03-25T01:00:00-0700,43.0466
2023-03-25T02:00:00-0700,42.9872
2023-03-25T03:00:00-0700,43.0232
2023-03-25T04:00:00-0700,43.1024
2023-03-25T05:00:00-0700,42.4202
2023-03-25T06:00:00-0700,42.9278
2023-03-25T07:00:00-0700,43.196
2023-03-25T08:00:00-0700,42.9548
2023-03-25T09:00:00-0700,42.8396
2023-03-25T10:00:00-0700,42.9836
2023-03-25T11:00:00-0700,43.2068
2023-03-25T12:00:00-0700,43.2626
2023-03-25T13:00:00-0700,43.1978
2023-03-25T14:00:00-0700,43.2626
2023-03-25T15:00:00-0700,43.5758
2023-03-25T16:00:00-0700,43.7414
2023-03-25T17:00:00-0700,43.8152
2023-03-25T18:00:00-0700,43.673
2023-03-25T19:00:00-0700,43.7594
2023-03-25T20:00:00-0700,43.6064
2023-03-25T21:00:00-0700,43.592
2023-03-25T22:00:00-0700,43.547
2023-03-25T23:00:00-0700,43.5938
2023-03-26T00:00:00-0700,43.5668
2023-03-26T01:00:00-0700,43.1618
2023-03-26T02:00:00-0700,43.25
2023-03-26T03:00:00-0700,43.16
2023-03-26T04:00:00-0700,42.9602
2023-03-26T05:00:00-0700,43.4048
2023-03-26T06:00:00-0700,42.9944
2023-03-26T07:00:00-0700,43.3346
2023-03-26T08:00:00-0700,43.4858
2023-03-26T09:00:00-0700,43.3004
2023-03-26T10:00:00-0700,43.3418
2023-03-26T11:00:00-0700,43.2662
2023-03-26T12:00:00-0700,43.4138
2023-03-26T13:00:00-0700,43.6514
2023-03-26T14:00:00-0700,43.8206
2023-03-26T15:00:00-0700,43.9376
2023-03-26T16:00:00-0700,43.9718
2023-03-26T17:00:00-0700,43.9862
2023-03-26T18:00:00-0700,44.0888
2023-03-26T19:00:00-0700,44.0348
2023-03-26T20:00:00-0700,44.0006
2023-03-26T21:00:00-0700,43.8656
2023-03-26T22:00:00-0700,43.8224
2023-03-26T23:00:00-0700,43.8314
2023-03-27T00:00:00-0700,43.7378
2023-03-27T01:00:00-0700,43.6874
2023-03-27T02:00:00-0700,43.5452
2023-03-27T03:00:00-0700,43.484
2023-03-27T04:00:00-0700,43.4894
2023-03-27T05:00:00-0700,43.4264
2023-03-27T06:00:00-0700,43.3256
2023-03-27T07:00:00-0700,43.2518
2023-03-27T08:00:00-0700,43.1942
2023-03-27T09:00:00-0700,43.3886
2023-03-27T10:00:00-0700,43.5056
2023-03-27T11:00:00-0700,43.5758
2023-03-27T12:00:00-0700,43.6784
2023-03-27T13:00:00-0700,43.916
2023-03-27T14:00:00-0700,44.2364
2023-03-27T15:00:00-0700,44.5658
2023-03-27T16:00:00-0700,44.888
2023-03-27T17:00:00-0700,44.915
2023-03-27T18:00:00-0700,44.9276
2023-03-27T19:00:00-0700,44.8502
2023-03-27T20:00:00-0700,44.7458
2023-03-27T21:00:00-0700,44.465
2023-03-27T22:00:00-0700,44.3696
2023-03-27T23:00:00-0700,44.3048
2023-03-28T00:00:00-0700,44.1968
2023-03-28T01:00:00-0700,44.1194
2023-03-28T02:00:00-0700,44.0708
2023-03-28T03:00:00-0700,44.0942
2023-03-28T04:00:00-0700,44.1158
2023-03-28T05:00:00-0700,44.0708
2023-03-28T06:00:00-0700,43.9934
2023-03-28T07:00:00-0700,43.8764
2023-03-28T08:00:00-0700,43.6658
2023-03-28T09:00:00-0700,43.8656
2023-03-28T10:00:00-0700,43.9394
2023-03-28T11:00:00-0700,44.0132
2023-03-28T12:00:00-0700,43.9574
2023-03-28T13:00:00-0700,44.0762
2023-03-28T14:00:00-0700,44.1572
2023-03-28T15:00:00-0700,44.1662
2023-03-28T16:00:00-0700,44.2094
2023-03-28T17:00:00-0700,44.2256
2023-03-28T18:00:00-0700,44.3192
2023-03-28T19:00:00-0700,44.33
2023-03-28T20:00:00-0700,44.3426
2023-03-28T21:00:00-0700,44.3066
2023-03-28T22:00:00-0700,44.2454
2023-03-28T23:00:00-0700,44.2022
2023-03-29T00:00:00-0700,44.0978
2023-03-29T01:00:00-0700,44.0978
2023-03-29T02:00:00-0700,44.0114
2023-03-29T03:00:00-0700,43.916
2023-03-29T04:00:00-0700,43.8458
2023-03-29T05:00:00-0700,43.7702
2023-03-29T06:00:00-0700,43.6424
2023-03-29T07:00:00-0700,43.7666
2023-03-29T08:00:00-0700,43.718
2023-03-29T09:00:00-0700,43.6586
2023-03-29T10:00:00-0700,43.655
2023-03-29T11:00:00-0700,43.7756
2023-03-29T12:00:00-0700,43.9268
2023-03-29T13:00:00-0700,43.7108
2023-03-29T14:00:00-0700,44.1104
2023-03-29T15:00:00-0700,44.6576
2023-03-29T16:00:00-0700,44.627
2023-03-29T17:00:00-0700,44.3462
2023-03-29T18:00:00-0700,44.2922
2023-03-29T19:00:00-0700,44.33
2023-03-29T20:00:00-0700,44.3048
2023-03-29T21:00:00-0700,44.294
2023-03-29T22:00:00-0700,44.2886
2023-03-29T23:00:00-0700,44.2742
2023-03-30T00:00:00-0700,44.1572
2023-03-30T01:00:00-0700,43.8422
2023-03-30T02:00:00-0700,43.8566
2023-03-30T03:00:00-0700,43.8656
2023-03-30T04:00:00-0700,43.8764
2023-03-30T05:00:00-0700,43.889
2023-03-30T06:00:00-0700,43.8926
2023-03-30T07:00:00-0700,43.7288
2023-03-30T08:00:00-0700,43.6496
