Year_UTC,Month_UTC,Day_UTC,Latitude,Longitude,pH_T_measured,pH_flag
2021,6,25,51.458,-130.846,7.3043,2
2021,6,25,51.458,-130.846,-999,9
2021,6,25,51.458,-130.846,7.2856,6
2021,6,25,51.457,-130.846,7.2701,2
2021,6,25,51.457,-130.846,7.083,4
2021,6,25,51.457,-130.846,7.4213,2
2021,6,25,51.457,-130.846,7.4895,2
2021,6,25,51.457,-130.846,7.5055,2
2021,6,25,51.457,-130.846,7.5779,2
2021,6,25,51.457,-130.846,7.6433,2
2021,6,25,51.456,-130.846,7.7242,2
2021,6,25,51.456,-130.847,7.7264,2
2021,6,25,51.456,-130.847,7.7877,6
2021,6,25,51.456,-130.847,-999,9
2021,6,25,51.456,-130.847,-999,9
2021,6,25,51.456,-130.847,7.8118,2
2021,6,25,51.456,-130.847,7.8571,2
2021,6,25,51.456,-130.847,-999,9
2021,6,25,51.456,-130.847,7.8156,2
2021,6,25,51.456,-130.847,-999,9
2021,6,25,51.456,-130.847,-999,9
2021,6,25,51.456,-130.847,-999,9
2021,6,25,51.711,-130.642,7.278,2
2021,6,25,51.711,-130.642,-999,9
2021,6,25,51.711,-130.642,7.2785,6
2021,6,25,51.712,-130.644,7.3053,2
2021,6,25,51.713,-130.644,7.3247,2
2021,6,25,51.713,-130.644,7.3588,2
2021,6,25,51.714,-130.645,7.3964,2
2021,6,25,51.714,-130.645,7.4435,2
2021,6,25,51.714,-130.645,7.4744,2
2021,6,25,51.714,-130.645,7.482,2
2021,6,25,51.714,-130.645,-999,9
2021,6,25,51.715,-130.645,7.5125,2
2021,6,25,51.715,-130.645,7.5477,2
2021,6,25,51.715,-130.645,7.6023,2
2021,6,25,51.715,-130.645,7.6102,2
2021,6,25,51.715,-130.645,7.6192,2
2021,6,25,51.715,-130.645,-999,9
2021,6,25,51.715,-130.645,-999,9
2021,6,25,51.715,-130.645,7.687,2
2021,6,25,51.716,-130.645,7.7291,6
2021,6,25,51.716,-130.644,7.7585,2
2021,6,25,51.716,-130.644,7.7318,2
2021,6,25,51.716,-130.644,-999,9
2021,6,25,51.716,-130.644,-999,9
2021,6,25,51.83,-130.374,7.3537,2
2021,6,25,51.83,-130.374,-999,9
2021,6,25,51.83,-130.373,7.4282,6
2021,6,25,51.83,-130.373,7.4435,2
2021,6,25,51.83,-130.373,7.4812,2
2021,6,25,51.83,-130.373,-999,9
2021,6,25,51.83,-130.373,-999,9
2021,6,25,51.83,-130.373,7.5332,2
2021,6,25,51.83,-130.372,7.5568,2
2021,6,25,51.83,-130.372,7.6296,2
2021,6,25,51.83,-130.372,7.6562,2
2021,6,25,51.83,-130.372,7.7004,2
2021,6,25,51.83,-130.371,7.727,2
2021,6,25,51.83,-130.371,7.858,6
2021,6,25,51.83,-130.371,7.9205,2
2021,6,25,51.83,-130.371,-999,9
2021,6,25,52.399,-129.051,7.7716,2
2021,6,25,52.399,-129.051,-999,9
2021,6,25,52.399,-129.051,7.8511,6
2021,6,25,52.398,-129.051,7.9199,2
2021,6,25,52.398,-129.052,-999,9
2021,6,25,52.398,-129.052,7.9227,2
2021,6,25,52.398,-129.052,-999,9
2021,6,26,52.249,-129.402,7.3781,2
2021,6,26,52.249,-129.402,-999,9
2021,6,26,52.249,-129.402,7.438,6
2021,6,26,52.249,-129.402,7.4697,2
2021,6,26,52.249,-129.402,7.5797,2
2021,6,26,52.249,-129.402,-999,9
2021,6,26,52.248,-129.402,7.585,2
2021,6,26,52.248,-129.402,7.6698,2
2021,6,26,52.248,-129.402,7.6808,2
2021,6,26,52.248,-129.403,7.7339,2
2021,6,26,52.248,-129.403,7.7818,2
2021,6,26,52.248,-129.403,7.9179,2
2021,6,26,52.248,-129.403,7.9275,2
2021,6,26,52.248,-129.403,7.9474,6
2021,6,26,52.248,-129.403,7.9478,2
2021,6,26,52.248,-129.403,-999,9
2021,6,26,52.018,-129.971,7.4485,2
2021,6,26,52.018,-129.971,-999,9
2021,6,26,52.017,-129.971,7.4553,6
2021,6,26,52.018,-129.971,7.514,2
2021,6,26,52.018,-129.971,7.6158,2
2021,6,26,52.018,-129.971,-999,9
2021,6,26,52.018,-129.971,7.6431,2
2021,6,26,52.017,-129.971,7.6869,2
2021,6,26,52.017,-129.971,7.7121,2
2021,6,26,52.017,-129.971,-999,9
2021,6,26,52.017,-129.971,-999,9
2021,6,26,52.018,-129.971,7.8472,2
2021,6,26,52.017,-129.971,7.8986,6
2021,6,26,52.017,-129.971,7.9115,2
2021,6,26,52.017,-129.971,-999,9
2021,6,26,52.017,-129.971,-999,9
2021,6,26,52.017,-129.971,-999,9
2021,6,26,52.017,-129.971,-999,9
2021,6,27,48.185,-126.596,7.4395,2
2021,6,27,48.185,-126.596,-999,9
2021,6,27,48.185,-126.596,7.3955,6
2021,6,27,48.185,-126.595,7.3347,2
2021,6,27,48.185,-126.593,7.2922,2
2021,6,27,48.185,-126.593,7.2766,2
2021,6,27,48.185,-126.592,7.2846,2
2021,6,27,48.185,-126.591,7.3264,2
2021,6,27,48.185,-126.59,7.3653,2
2021,6,27,48.185,-126.59,7.5268,2
2021,6,27,48.185,-126.59,-999,9
2021,6,27,48.185,-126.589,7.6388,2
2021,6,27,48.185,-126.589,7.7529,2
2021,6,27,48.185,-126.589,7.7589,2
2021,6,27,48.185,-126.589,7.7762,2
2021,6,27,48.185,-126.588,-999,9
2021,6,27,48.185,-126.588,-999,9
2021,6,27,48.185,-126.588,7.8921,2
2021,6,27,48.185,-126.588,7.8935,6
2021,6,27,48.185,-126.588,7.8898,2
2021,6,27,48.185,-126.588,7.8887,2
2021,6,27,48.185,-126.588,-999,9
2021,6,27,48.185,-126.588,-999,9
2021,6,27,48.185,-126.588,-999,9
2021,6,27,48.356,-126.307,7.3145,2
2021,6,27,48.356,-126.307,-999,9
2021,6,27,48.356,-126.307,7.2901,6
2021,6,27,48.356,-126.307,7.2759,3
2021,6,27,48.356,-126.307,7.2925,2
2021,6,27,48.356,-126.307,7.3069,2
2021,6,27,48.356,-126.307,7.338,2
2021,6,27,48.356,-126.307,7.3946,2
2021,6,27,48.356,-126.307,7.4304,2
2021,6,27,48.356,-126.307,7.4393,2
2021,6,27,48.356,-126.307,7.5448,2
2021,6,27,48.356,-126.307,-999,9
2021,6,27,48.356,-126.307,7.6615,2
2021,6,27,48.356,-126.307,7.7308,2
2021,6,27,48.356,-126.307,7.7647,2
2021,6,27,48.356,-126.307,7.7517,2
2021,6,27,48.356,-126.307,7.8518,3
2021,6,27,48.356,-126.307,7.9055,2
2021,6,27,48.356,-126.307,7.9218,6
2021,6,27,48.356,-126.307,7.9263,2
2021,6,27,48.356,-126.307,-999,9
2021,6,27,48.433,-126.227,7.2795,2
2021,6,27,48.433,-126.227,-999,9
2021,6,27,48.433,-126.227,7.3141,6
2021,6,27,48.432,-126.227,7.3403,2
2021,6,27,48.432,-126.227,7.4109,2
2021,6,27,48.432,-126.228,7.4363,2
2021,6,27,48.432,-126.228,7.4672,2
2021,6,27,48.432,-126.228,-999,9
2021,6,27,48.432,-126.228,7.5084,2
2021,6,27,48.432,-126.228,-999,9
2021,6,27,48.432,-126.228,7.5998,2
2021,6,27,48.432,-126.228,7.7182,2
2021,6,27,48.432,-126.227,7.7547,2
2021,6,27,48.432,-126.227,7.758,2
2021,6,27,48.432,-126.227,7.7958,2
2021,6,27,48.432,-126.227,7.8906,2
2021,6,27,48.432,-126.227,7.9178,2
2021,6,27,48.432,-126.227,7.924,2
2021,6,27,48.432,-126.227,7.9356,2
2021,6,27,48.432,-126.227,-999,9
2021,6,27,48.537,-125.996,7.3183,2
2021,6,27,48.537,-125.996,-999,9
2021,6,27,48.537,-125.996,7.3744,6
2021,6,27,48.537,-125.996,7.4167,3
2021,6,27,48.537,-125.996,7.3995,2
2021,6,27,48.537,-125.996,-999,9
2021,6,27,48.537,-125.996,7.6543,2
2021,6,27,48.537,-125.996,7.7522,2
2021,6,27,48.537,-125.996,7.8027,2
2021,6,27,48.536,-125.996,7.8881,2
2021,6,27,48.536,-125.996,7.9337,6
2021,6,27,48.536,-125.996,7.9703,2
2021,6,27,48.536,-125.996,-999,9
2021,6,27,48.658,-125.782,7.4321,2
2021,6,27,48.658,-125.782,-999,9
2021,6,27,48.658,-125.782,7.4614,6
2021,6,27,48.658,-125.782,7.4524,2
2021,6,27,48.658,-125.782,7.6341,2
2021,6,27,48.658,-125.782,7.7033,2
2021,6,27,48.658,-125.782,7.7885,6
2021,6,27,48.658,-125.782,7.9099,2
2021,6,27,48.658,-125.782,-999,9
2021,6,28,48.719,-125.677,7.3744,3
2021,6,28,48.719,-125.677,-999,9
2021,6,28,48.719,-125.677,7.3941,6
2021,6,28,48.719,-125.677,7.4306,2
2021,6,28,48.719,-125.677,7.4412,2
2021,6,28,48.719,-125.677,-999,9
2021,6,28,48.719,-125.677,7.429,2
2021,6,28,48.718,-125.677,7.426,2
2021,6,28,48.718,-125.677,7.4367,2
2021,6,28,48.718,-125.677,7.4969,2
2021,6,28,48.718,-125.677,-999,9
2021,6,28,48.718,-125.677,-999,9
2021,6,28,48.718,-125.677,7.5906,2
2021,6,28,48.718,-125.677,7.9596,3
2021,6,28,48.718,-125.677,8.0813,2
2021,6,28,48.718,-125.677,-999,9
2021,6,28,48.718,-125.677,-999,9
2021,6,28,48.718,-125.677,-999,9
2021,6,28,48.781,-125.575,7.3817,2
2021,6,28,48.781,-125.575,-999,9
2021,6,28,48.781,-125.575,7.3946,6
2021,6,28,48.781,-125.575,7.4331,2
2021,6,28,48.781,-125.575,7.4605,2
2021,6,28,48.781,-125.575,-999,9
2021,6,28,48.781,-125.575,7.4649,2
2021,6,28,48.781,-125.575,7.4887,2
2021,6,28,48.781,-125.575,7.5328,2
2021,6,28,48.781,-125.575,7.6046,6
2021,6,28,48.781,-125.575,7.6316,2
2021,6,28,48.78,-125.575,7.7209,2
2021,6,28,48.78,-125.575,8.1014,3
2021,6,28,48.78,-125.575,-999,9
2021,6,28,48.81,-125.517,7.3803,2
2021,6,28,48.81,-125.517,-999,9
2021,6,28,48.81,-125.517,7.412,6
2021,6,28,48.81,-125.517,7.4366,2
2021,6,28,48.81,-125.517,7.4424,2
2021,6,28,48.81,-125.517,-999,9
2021,6,28,48.81,-125.517,7.4714,2
2021,6,28,48.811,-125.517,7.5168,6
2021,6,28,48.811,-125.517,-999,9
2021,6,28,48.811,-125.517,-999,9
2021,6,28,48.811,-125.517,7.5627,2
2021,6,28,48.811,-125.517,7.673,2
2021,6,28,48.81,-125.517,7.8423,2
2021,6,28,48.811,-125.517,-999,9
2021,6,28,48.811,-125.517,-999,9
2021,6,28,48.811,-125.517,8.1103,2
2021,6,28,48.811,-125.517,-999,9
2021,6,28,48.811,-125.517,-999,9
2021,6,28,48.811,-125.517,-999,9
2021,6,28,48.84,-125.464,7.406,2
2021,6,28,48.84,-125.464,-999,9
2021,6,28,48.841,-125.464,7.4297,6
2021,6,28,48.84,-125.464,7.4487,2
2021,6,28,48.84,-125.464,7.4538,2
2021,6,28,48.84,-125.464,-999,9
2021,6,28,48.84,-125.464,7.4673,2
2021,6,28,48.84,-125.464,-999,9
2021,6,28,48.84,-125.464,7.5656,2
2021,6,28,48.84,-125.464,7.5862,2
2021,6,28,48.84,-125.464,7.8256,2
2021,6,28,48.84,-125.464,8.1429,2
2021,6,28,48.84,-125.464,-999,9
2021,6,28,48.865,-125.425,7.5011,2
2021,6,28,48.865,-125.425,-999,9
2021,6,28,48.865,-125.425,7.5684,6
2021,6,28,48.865,-125.425,7.6128,2
2021,6,28,48.865,-125.425,7.7376,2
2021,6,28,48.865,-125.425,8.0419,2
2021,6,28,48.865,-125.425,-999,9
2021,6,28,48.361,-125.22,7.2941,2
2021,6,28,48.361,-125.22,-999,9
2021,6,28,48.361,-125.22,7.2855,2
2021,6,28,48.361,-125.22,7.2563,2
2021,6,28,48.361,-125.22,7.2576,2
2021,6,28,48.361,-125.22,-999,9
2021,6,28,48.361,-125.22,7.2899,2
2021,6,28,48.361,-125.22,7.318,2
2021,6,28,48.361,-125.22,7.3392,2
2021,6,28,48.362,-125.22,7.371,2
2021,6,28,48.362,-125.22,7.3888,2
2021,6,28,48.362,-125.22,7.4643,2
2021,6,28,48.362,-125.22,7.4958,6
2021,6,28,48.362,-125.22,7.5301,2
2021,6,28,48.362,-125.22,8.0096,3
2021,6,28,48.362,-125.22,-999,9
2021,6,28,48.37,-124.949,7.2924,2
2021,6,28,48.37,-124.949,-999,9
2021,6,28,48.37,-124.949,7.2934,6
2021,6,28,48.37,-124.95,7.3082,2
2021,6,28,48.37,-124.95,7.3808,2
2021,6,28,48.37,-124.95,7.4228,2
2021,6,28,48.37,-124.95,-999,9
2021,6,28,48.37,-124.95,7.4409,2
2021,6,28,48.37,-124.95,7.4943,2
2021,6,28,48.37,-124.95,7.6946,2
2021,6,28,48.37,-124.95,7.7039,6
2021,6,28,48.37,-124.95,7.7514,2
2021,6,28,48.37,-124.95,7.9635,2
2021,6,28,48.37,-124.95,-999,9
2021,6,28,48.37,-124.791,7.3547,2
2021,6,28,48.37,-124.791,-999,9
2021,6,28,48.37,-124.791,7.3541,6
2021,6,28,48.37,-124.791,7.3546,2
2021,6,28,48.37,-124.791,7.354,2
2021,6,28,48.37,-124.791,-999,9
2021,6,28,48.37,-124.791,7.3698,2
2021,6,28,48.37,-124.791,7.401,2
2021,6,28,48.37,-124.791,7.4075,6
2021,6,28,48.37,-124.791,7.4122,2
2021,6,28,48.37,-124.791,7.4176,2
2021,6,28,48.37,-124.791,-999,9
2021,6,28,48.131,-125.175,7.3433,2
2021,6,28,48.131,-125.175,-999,9
2021,6,28,48.131,-125.175,7.3498,6
2021,6,28,48.131,-125.175,-999,9
2021,6,28,48.131,-125.175,7.3886,2
2021,6,28,48.131,-125.175,7.3881,2
2021,6,28,48.131,-125.175,7.3886,2
2021,6,28,48.131,-125.175,-999,9
2021,6,28,48.131,-125.175,7.386,2
2021,6,28,48.131,-125.175,7.4013,2
2021,6,28,48.131,-125.175,7.4002,2
2021,6,28,48.131,-125.175,7.3981,2
2021,6,28,48.131,-125.175,7.4288,2
2021,6,28,48.131,-125.175,7.6435,2
2021,6,28,48.131,-125.175,7.7766,6
2021,6,28,48.131,-125.174,7.9946,2
2021,6,28,48.131,-125.174,8.2812,2
2021,6,28,48.131,-125.174,-999,9
2021,6,29,47.959,-125.333,7.3023,2
2021,6,29,47.959,-125.333,-999,9
2021,6,29,47.959,-125.333,7.3097,6
2021,6,29,47.96,-125.334,7.3275,2
2021,6,29,47.96,-125.334,7.3464,2
2021,6,29,47.96,-125.334,7.4381,2
2021,6,29,47.96,-125.334,7.435,2
2021,6,29,47.96,-125.334,7.4583,2
2021,6,29,47.96,-125.334,-999,9
2021,6,29,47.96,-125.334,7.4616,2
2021,6,29,47.961,-125.333,7.4652,2
2021,6,29,47.961,-125.333,7.4313,2
2021,6,29,47.961,-125.333,7.4582,2
2021,6,29,47.961,-125.333,7.5038,2
2021,6,29,47.961,-125.333,7.5804,6
2021,6,29,47.961,-125.333,7.6801,2
2021,6,29,47.961,-125.333,7.8244,2
2021,6,29,47.961,-125.333,8.0984,3
2021,6,29,47.961,-125.333,-999,9
2021,6,29,47.954,-124.907,7.3319,2
2021,6,29,47.954,-124.907,-999,9
2021,6,29,47.954,-124.907,-999,9
2021,6,29,47.954,-124.907,7.4018,6
2021,6,29,47.954,-124.907,7.4353,2
2021,6,29,47.954,-124.907,7.479,2
2021,6,29,47.954,-124.907,7.5805,2
2021,6,29,47.954,-124.907,7.7474,2
2021,6,29,47.954,-124.907,7.8079,6
2021,6,29,47.954,-124.907,7.952,2
2021,6,29,47.954,-124.907,-999,9
2021,6,29,47.954,-124.907,-999,9
2021,6,29,47.954,-124.907,7.9703,2
2021,6,29,47.954,-124.907,-999,9
2021,6,29,47.954,-124.907,-999,9
2021,6,29,47.954,-124.907,-999,9
2021,6,29,47.954,-124.907,-999,9
2021,6,29,47.946,-124.746,7.2534,2
2021,6,29,47.946,-124.746,-999,9
2021,6,29,47.946,-124.746,-999,9
2021,6,29,47.946,-124.746,7.2841,6
2021,6,29,47.946,-124.746,-999,9
2021,6,29,47.946,-124.746,-999,9
2021,6,29,47.946,-124.746,8.0388,2
2021,6,29,47.946,-124.746,8.3224,3
2021,6,29,47.946,-124.746,8.3426,2
2021,6,29,47.946,-124.746,-999,9
2021,6,29,47.946,-124.746,-999,9
2021,6,29,47.946,-124.746,-999,9
2021,6,29,47.68,-125.579,7.312,2
2021,6,29,47.68,-125.579,-999,9
2021,6,29,47.68,-125.578,7.2912,6
2021,6,29,47.68,-125.578,7.275,2
2021,6,29,47.68,-125.578,7.3711,2
2021,6,29,47.68,-125.578,7.3063,2
2021,6,29,47.68,-125.577,7.3431,2
2021,6,29,47.68,-125.577,7.3723,2
2021,6,29,47.68,-125.577,7.4498,2
2021,6,29,47.68,-125.577,7.5153,2
2021,6,29,47.68,-125.577,7.5658,2
2021,6,29,47.68,-125.577,-999,9
2021,6,29,47.68,-125.577,-999,9
2021,6,29,47.68,-125.577,7.7108,2
2021,6,29,47.68,-125.577,7.7577,2
2021,6,29,47.68,-125.577,7.7658,2
2021,6,29,47.68,-125.577,7.7789,2
2021,6,29,47.68,-125.577,7.8038,2
2021,6,29,47.68,-125.577,7.9018,2
2021,6,29,47.68,-125.577,7.9011,6
2021,6,29,47.68,-125.576,7.9011,2
2021,6,29,47.68,-125.576,7.9,2
2021,6,29,47.68,-125.576,-999,9
2021,6,29,47.638,-124.487,8.1863,3
2021,6,29,47.638,-124.487,-999,9
2021,6,29,47.638,-124.487,8.2191,6
2021,6,29,47.638,-124.487,8.1931,2
2021,6,29,47.638,-124.487,8.1896,2
2021,6,29,47.638,-124.487,-999,9
2021,6,29,47.638,-124.487,-999,9
2021,6,30,46.13,-124.909,7.3224,3
2021,6,30,46.13,-124.909,-999,9
2021,6,30,46.13,-124.908,7.2924,6
2021,6,30,46.13,-124.908,7.2785,2
2021,6,30,46.129,-124.908,-999,9
2021,6,30,46.129,-124.907,7.3202,2
2021,6,30,46.129,-124.907,7.3762,2
2021,6,30,46.129,-124.907,7.4565,2
2021,6,30,46.129,-124.907,7.4864,2
2021,6,30,46.129,-124.907,7.5086,2
2021,6,30,46.129,-124.906,7.5852,2
2021,6,30,46.129,-124.906,7.6338,2
2021,6,30,46.129,-124.906,7.776,2
2021,6,30,46.129,-124.906,7.7979,2
2021,6,30,46.129,-124.906,7.8155,2
2021,6,30,46.129,-124.906,-999,9
2021,6,30,46.129,-124.906,-999,9
2021,6,30,46.129,-124.906,7.8664,2
2021,6,30,46.129,-124.906,7.8876,6
2021,6,30,46.129,-124.906,7.8888,2
2021,6,30,46.129,-124.906,7.8906,2
2021,6,30,46.129,-124.906,-999,9
2021,6,30,46.129,-124.906,-999,9
2021,6,30,46.129,-124.906,-999,9
2021,6,30,46.243,-124.118,8.04,2
2021,6,30,46.243,-124.118,-999,9
2021,6,30,46.243,-124.118,-999,9
2021,6,30,46.243,-124.118,8.0462,6
2021,6,30,46.244,-124.118,-999,9
2021,6,30,46.244,-124.118,8.045,2
2021,6,30,46.244,-124.118,8.0336,2
2021,6,30,46.244,-124.119,7.9705,2
2021,6,30,46.245,-124.119,7.9496,2
2021,6,30,46.245,-124.119,-999,9
2021,6,30,46.245,-124.119,-999,9
2021,6,30,46.245,-124.119,-999,9
2021,6,30,46.245,-124.119,-999,9
2021,6,30,46.251,-124.003,7.8126,2
2021,6,30,46.251,-124.003,-999,9
2021,6,30,46.251,-124.003,-999,9
2021,6,30,46.251,-124.003,7.7908,6
2021,6,30,46.251,-124.003,-999,9
2021,6,30,46.251,-124.003,7.7182,2
2021,6,30,46.252,-124.003,7.7357,2
2021,6,30,46.252,-124.003,7.7342,2
2021,6,30,46.252,-124.003,-999,9
2021,6,30,46.252,-124.003,-999,9
2021,6,30,46.252,-124.003,-999,9
2021,6,30,46.193,-123.914,7.6363,2
2021,6,30,46.193,-123.914,-999,9
2021,6,30,46.193,-123.914,-999,9
2021,6,30,46.193,-123.914,7.6845,6
2021,6,30,46.193,-123.914,-999,9
2021,6,30,46.193,-123.914,7.6625,2
2021,6,30,46.193,-123.914,7.6534,2
2021,6,30,46.193,-123.913,7.6546,2
2021,6,30,46.193,-123.913,7.6471,2
2021,6,30,46.193,-123.913,-999,9
2021,6,30,46.193,-123.913,-999,9
2021,7,1,46.131,-124.031,8.0395,2
2021,7,1,46.131,-124.031,-999,9
2021,7,1,46.131,-124.031,8.0928,6
2021,7,1,46.131,-124.031,8.0695,2
2021,7,1,46.131,-124.031,-999,9
2021,7,1,46.131,-124.031,8.0412,2
2021,7,1,46.131,-124.031,8.0382,2
2021,7,1,46.131,-124.031,-999,9
2021,7,1,46.131,-124.031,-999,9
2021,7,1,46.131,-124.031,-999,9
2021,7,1,46.131,-124.031,-999,9
2021,7,1,46.129,-124.09,7.3629,2
2021,7,1,46.129,-124.09,-999,9
2021,7,1,46.129,-124.09,7.9389,6
2021,7,1,46.129,-124.09,8.0855,2
2021,7,1,46.129,-124.09,-999,9
2021,7,1,46.129,-124.09,8.055,2
2021,7,1,46.129,-124.09,8.0444,2
2021,7,1,46.129,-124.09,8.0411,2
2021,7,1,46.129,-124.09,-999,9
2021,7,1,46.129,-124.09,-999,9
2021,7,1,46.129,-124.09,-999,9
2021,7,1,46.129,-124.09,-999,9
2021,7,1,46.129,-124.269,7.3073,2
2021,7,1,46.129,-124.269,-999,9
2021,7,1,46.129,-124.269,7.309,6
2021,7,1,46.129,-124.27,7.32,2
2021,7,1,46.129,-124.27,-999,9
2021,7,1,46.129,-124.27,7.3491,2
2021,7,1,46.129,-124.27,7.4179,2
2021,7,1,46.129,-124.27,-999,9
2021,7,1,46.129,-124.27,7.6356,6
2021,7,1,46.129,-124.27,7.7865,2
2021,7,1,46.129,-124.27,7.9527,2
2021,7,1,46.129,-124.27,8.0076,2
2021,7,1,46.129,-124.27,-999,9
2021,7,1,46.129,-124.27,-999,9
2021,7,1,46.129,-124.27,-999,9
2021,7,1,46.129,-124.27,-999,9
2021,7,1,46.129,-124.526,7.2632,2
2021,7,1,46.129,-124.526,-999,9
2021,7,1,46.129,-124.526,-999,9
2021,7,1,46.129,-124.526,-999,9
2021,7,1,46.129,-124.526,-999,9
2021,7,1,46.128,-124.526,7.2748,6
2021,7,1,46.128,-124.526,7.3108,2
2021,7,1,46.128,-124.526,7.4879,2
2021,7,1,46.128,-124.526,-999,9
2021,7,1,46.128,-124.526,-999,9
2021,7,1,46.128,-124.526,-999,9
2021,7,1,46.128,-124.526,-999,9
2021,7,1,46.128,-124.526,-999,9
2021,7,1,46.128,-124.526,-999,9
2021,7,1,46.128,-124.526,7.9951,2
2021,7,1,46.128,-124.526,7.9885,2
2021,7,1,46.128,-124.527,7.9825,2
2021,7,1,46.128,-124.527,-999,9
2021,7,1,46.128,-124.527,-999,9
2021,7,1,46.128,-124.527,-999,9
2021,7,1,46.128,-124.669,7.2815,2
2021,7,1,46.128,-124.669,-999,9
2021,7,1,46.128,-124.67,7.2812,6
2021,7,1,46.128,-124.67,-999,9
2021,7,1,46.127,-124.67,-999,9
2021,7,1,46.127,-124.67,7.2701,2
2021,7,1,46.127,-124.67,-999,9
2021,7,1,46.127,-124.671,7.3354,2
2021,7,1,46.127,-124.671,7.3467,2
2021,7,1,46.127,-124.671,-999,9
2021,7,1,46.127,-124.671,7.5004,2
2021,7,1,46.127,-124.672,7.5384,2
2021,7,1,46.127,-124.672,7.5741,2
2021,7,1,46.127,-124.672,7.571,2
2021,7,1,46.126,-124.672,7.8099,6
2021,7,1,46.126,-124.672,-999,9
2021,7,1,46.126,-124.672,-999,9
2021,7,1,46.126,-124.672,7.9016,2
2021,7,1,46.126,-124.673,7.9264,2
2021,7,1,46.126,-124.673,7.9383,2
2021,7,1,46.126,-124.673,-999,9
2021,7,1,46.126,-124.673,-999,9
2021,7,1,46.126,-124.673,-999,9
2021,7,1,46.126,-124.673,-999,9
2021,7,1,46.128,-125.189,7.3244,2
2021,7,1,46.128,-125.189,-999,9
2021,7,1,46.128,-125.189,7.3131,6
2021,7,1,46.127,-125.189,7.2931,2
2021,7,1,46.127,-125.19,7.2812,2
2021,7,1,46.127,-125.19,7.2897,2
2021,7,1,46.127,-125.19,7.3232,2
2021,7,1,46.127,-125.19,7.3864,2
2021,7,1,46.126,-125.19,7.4701,2
2021,7,1,46.126,-125.19,7.4907,2
2021,7,1,46.126,-125.191,7.5083,2
2021,7,1,46.126,-125.191,7.5827,2
2021,7,1,46.126,-125.191,-999,9
2021,7,1,46.126,-125.191,7.6759,2
2021,7,1,46.126,-125.191,7.7636,2
2021,7,1,46.126,-125.191,7.789,2
2021,7,1,46.126,-125.191,7.8313,2
2021,7,1,46.126,-125.191,7.8804,2
2021,7,1,46.126,-125.191,7.8909,6
2021,7,1,46.126,-125.191,7.8886,2
2021,7,1,46.126,-125.191,7.908,2
2021,7,1,46.126,-125.191,7.9136,2
2021,7,1,46.126,-125.191,-999,9
2021,7,1,46.126,-125.191,-999,9
2021,7,1,47.118,-126.087,7.4456,2
2021,7,1,47.118,-126.087,-999,9
2021,7,1,47.118,-126.087,7.4052,6
2021,7,1,47.118,-126.087,7.3267,2
2021,7,2,47.118,-126.087,7.2867,2
2021,7,2,47.118,-126.087,7.2737,2
2021,7,2,47.118,-126.087,7.2965,2
2021,7,2,47.118,-126.086,7.3274,2
2021,7,2,47.118,-126.086,7.3835,2
2021,7,2,47.118,-126.086,7.4417,2
2021,7,2,47.118,-126.086,7.4825,2
2021,7,2,47.118,-126.086,7.5258,2
2021,7,2,47.118,-126.086,7.6066,2
2021,7,2,47.118,-126.086,7.7337,2
2021,7,2,47.118,-126.086,7.7758,2
2021,7,2,47.118,-126.086,7.7921,2
2021,7,2,47.118,-126.086,7.8349,2
2021,7,2,47.118,-126.086,7.887,2
2021,7,2,47.118,-126.086,7.8923,6
2021,7,2,47.118,-126.085,7.8918,2
2021,7,2,47.118,-126.085,7.8923,2
2021,7,2,47.118,-126.085,7.8922,2
2021,7,2,47.118,-126.085,-999,9
2021,7,2,47.118,-126.086,-999,9
2021,7,2,47.116,-125.197,7.3506,2
2021,7,2,47.116,-125.197,-999,9
2021,7,2,47.116,-125.197,-999,9
2021,7,2,47.116,-125.197,7.2948,6
2021,7,2,47.116,-125.197,7.2816,2
2021,7,2,47.116,-125.197,7.3015,2
2021,7,2,47.116,-125.197,7.3211,2
2021,7,2,47.116,-125.197,7.3356,2
2021,7,2,47.116,-125.197,7.3454,2
2021,7,2,47.116,-125.197,7.4201,2
2021,7,2,47.116,-125.197,7.4437,2
2021,7,2,47.116,-125.197,7.4889,2
2021,7,2,47.116,-125.197,-999,9
2021,7,2,47.116,-125.197,7.5626,2
2021,7,2,47.116,-125.197,7.7074,2
2021,7,2,47.116,-125.198,7.7727,2
2021,7,2,47.116,-125.198,7.7722,2
2021,7,2,47.116,-125.198,7.9001,6
2021,7,2,47.116,-125.198,-999,9
2021,7,2,47.116,-125.198,-999,9
2021,7,2,47.116,-125.198,7.9546,2
2021,7,2,47.116,-125.198,7.9548,2
2021,7,2,47.116,-125.198,-999,9
2021,7,2,47.115,-125.198,-999,9
2021,7,2,47.116,-125.054,7.3099,2
2021,7,2,47.116,-125.054,-999,9
2021,7,2,47.115,-125.054,7.298,6
2021,7,2,47.115,-125.055,7.2839,2
2021,7,2,47.115,-125.055,-999,9
2021,7,2,47.115,-125.055,7.3057,2
2021,7,2,47.115,-125.055,7.3277,2
2021,7,2,47.115,-125.056,7.3482,2
2021,7,2,47.115,-125.056,7.384,2
2021,7,2,47.115,-125.056,7.4172,2
2021,7,2,47.115,-125.056,7.4244,2
2021,7,2,47.115,-125.056,7.4308,2
2021,7,2,47.115,-125.056,-999,9
2021,7,2,47.115,-125.056,7.4892,2
2021,7,2,47.114,-125.057,7.554,2
2021,7,2,47.114,-125.057,7.4922,2
2021,7,2,47.114,-125.057,7.4678,2
2021,7,2,47.114,-125.057,7.5725,2
2021,7,2,47.114,-125.057,7.8996,2
2021,7,2,47.114,-125.057,8.0217,2
2021,7,2,47.114,-125.057,8.0257,2
2021,7,2,47.114,-125.057,-999,9
2021,7,2,47.114,-125.057,-999,9
2021,7,2,47.115,-124.982,7.3322,2
2021,7,2,47.115,-124.982,-999,9
2021,7,2,47.115,-124.982,-999,9
2021,7,2,47.115,-124.982,7.3389,6
2021,7,2,47.115,-124.982,-999,9
2021,7,2,47.115,-124.982,7.3546,2
2021,7,2,47.115,-124.982,7.3213,2
2021,7,2,47.115,-124.982,7.3437,2
2021,7,2,47.115,-124.982,7.3974,2
2021,7,2,47.115,-124.982,-999,9
2021,7,2,47.115,-124.982,7.4122,2
2021,7,2,47.115,-124.982,7.5347,2
2021,7,2,47.115,-124.982,7.5548,2
2021,7,2,47.115,-124.982,7.5358,2
2021,7,2,47.115,-124.982,7.5445,2
2021,7,2,47.115,-124.982,7.6624,2
2021,7,2,47.115,-124.982,7.8866,2
2021,7,2,47.115,-124.982,8.0129,2
2021,7,2,47.115,-124.982,8.0253,2
2021,7,2,47.115,-124.982,-999,9
2021,7,2,47.115,-124.982,-999,9
2021,7,2,47.113,-124.824,7.2801,2
2021,7,2,47.113,-124.824,-999,9
2021,7,2,47.113,-124.824,7.2749,6
2021,7,2,47.113,-124.824,7.3619,2
2021,7,2,47.113,-124.824,-999,9
2021,7,2,47.113,-124.824,7.4301,2
2021,7,2,47.113,-124.824,-999,9
2021,7,2,47.113,-124.824,7.361,2
2021,7,2,47.113,-124.824,7.3883,2
2021,7,2,47.113,-124.824,7.4243,2
2021,7,2,47.113,-124.824,7.6775,2
2021,7,2,47.113,-124.824,7.8693,2
2021,7,2,47.113,-124.824,7.9899,2
2021,7,2,47.113,-124.824,7.9943,2
2021,7,2,47.113,-124.824,-999,9
2021,7,2,47.113,-124.824,-999,9
2021,7,2,47.116,-124.645,7.273,2
2021,7,2,47.116,-124.645,-999,9
2021,7,2,47.116,-124.645,7.3485,6
2021,7,2,47.116,-124.645,7.3685,2
2021,7,2,47.116,-124.645,-999,9
2021,7,2,47.116,-124.645,7.3539,2
2021,7,2,47.116,-124.645,-999,9
2021,7,2,47.116,-124.645,7.3886,2
2021,7,2,47.116,-124.645,7.5643,2
2021,7,2,47.116,-124.645,7.7667,6
2021,7,2,47.116,-124.645,8.0631,2
2021,7,2,47.116,-124.645,8.0916,2
2021,7,2,47.116,-124.645,-999,9
2021,7,2,47.116,-124.645,-999,9
2021,7,2,47.118,-124.382,7.2372,2
2021,7,2,47.118,-124.382,-999,9
2021,7,2,47.118,-124.382,7.3027,6
2021,7,2,47.118,-124.382,7.7166,2
2021,7,2,47.118,-124.382,-999,9
2021,7,2,47.118,-124.382,-999,9
2021,7,2,47.118,-124.382,7.8941,2
2021,7,2,47.118,-124.382,8.0426,2
2021,7,2,47.118,-124.381,8.172,3
2021,7,2,47.118,-124.381,-999,9
2021,7,2,47.118,-124.381,-999,9
2021,7,2,47.115,-124.247,7.9747,2
2021,7,2,47.115,-124.247,-999,9
2021,7,2,47.114,-124.247,8.1202,6
2021,7,2,47.114,-124.247,-999,9
2021,7,2,47.114,-124.247,-999,9
2021,7,2,47.114,-124.247,8.1822,3
2021,7,2,47.114,-124.247,-999,9
2021,7,2,47.114,-124.247,8.1993,3
2021,7,2,47.114,-124.247,-999,9
2021,7,2,47.114,-124.247,-999,9
2021,7,3,45.916,-124.087,7.282,2
2021,7,3,45.916,-124.087,-999,9
2021,7,3,45.916,-124.087,-999,9
2021,7,3,45.916,-124.087,7.2934,6
2021,7,3,45.916,-124.087,7.3171,2
2021,7,3,45.916,-124.087,7.334,2
2021,7,3,45.916,-124.087,7.5394,2
2021,7,3,45.916,-124.087,-999,9
2021,7,3,45.916,-124.087,-999,9
2021,7,3,45.916,-124.088,7.6796,2
2021,7,3,45.916,-124.088,-999,9
2021,7,3,45.916,-124.088,7.8808,2
2021,7,3,45.916,-124.088,8.126,2
2021,7,3,45.916,-124.088,-999,9
2021,7,3,45.916,-124.088,-999,9
2021,7,3,45.916,-124.088,-999,9
2021,7,3,45.916,-124.088,-999,9
2021,7,3,45.916,-124.088,-999,9
2021,7,3,45.916,-124.088,-999,9
2021,7,3,45.916,-124.088,-999,9
2021,7,3,45.916,-124.088,-999,9
2021,7,3,45.916,-124.088,-999,9
2021,7,3,45.916,-124.088,-999,9
2021,7,3,45.916,-124.088,-999,9
2021,7,3,44.651,-125.365,7.4587,2
2021,7,3,44.651,-125.365,-999,9
2021,7,3,44.651,-125.365,7.4091,6
2021,7,3,44.651,-125.365,7.3363,2
2021,7,3,44.651,-125.365,7.2943,2
2021,7,3,44.651,-125.366,7.2806,2
2021,7,3,44.651,-125.367,7.294,2
2021,7,3,44.651,-125.367,7.3104,2
2021,7,3,44.651,-125.367,7.3517,2
2021,7,3,44.651,-125.367,7.3925,2
2021,7,3,44.651,-125.367,7.4286,2
2021,7,3,44.651,-125.367,7.4273,2
2021,7,3,44.65,-125.367,7.4721,2
2021,7,3,44.65,-125.367,-999,9
2021,7,3,44.65,-125.367,7.52,2
2021,7,3,44.65,-125.367,7.6523,6
2021,7,3,44.65,-125.367,7.7008,2
2021,7,3,44.65,-125.367,7.7261,2
2021,7,3,44.65,-125.367,7.8177,2
2021,7,3,44.65,-125.368,7.9006,2
2021,7,3,44.65,-125.368,7.9376,2
2021,7,3,44.65,-125.368,7.9366,2
2021,7,3,44.65,-125.368,-999,9
2021,7,3,44.65,-125.368,-999,9
2021,7,3,44.653,-125.12,7.2839,2
2021,7,3,44.653,-125.12,-999,9
2021,7,3,44.653,-125.121,7.3006,6
2021,7,3,44.653,-125.121,7.312,2
2021,7,3,44.653,-125.121,7.3366,3
2021,7,3,44.653,-125.122,7.4473,2
2021,7,3,44.652,-125.122,7.4554,2
2021,7,3,44.652,-125.122,7.4662,2
2021,7,3,44.652,-125.122,7.4691,2
2021,7,3,44.652,-125.122,-999,9
2021,7,3,44.652,-125.122,7.4776,2
2021,7,3,44.652,-125.122,7.5761,2
2021,7,3,44.652,-125.122,7.648,2
2021,7,3,44.652,-125.122,7.7031,2
2021,7,3,44.652,-125.123,7.7929,6
2021,7,3,44.652,-125.123,7.8875,2
2021,7,3,44.652,-125.123,7.9287,2
2021,7,3,44.652,-125.123,7.9385,2
2021,7,3,44.652,-125.123,7.9407,2
2021,7,3,44.652,-125.123,-999,9
2021,7,3,44.652,-125.123,-999,9
2021,7,3,44.652,-124.883,7.3274,2
2021,7,3,44.652,-124.883,-999,9
2021,7,3,44.652,-124.883,-999,9
2021,7,3,44.652,-124.883,7.3463,6
2021,7,3,44.652,-124.883,7.355,2
2021,7,3,44.652,-124.883,7.3824,2
2021,7,3,44.652,-124.883,7.3944,2
2021,7,3,44.652,-124.883,7.4412,2
2021,7,3,44.652,-124.883,-999,9
2021,7,3,44.652,-124.883,7.5032,2
2021,7,3,44.652,-124.883,7.5518,2
2021,7,3,44.652,-124.883,7.5883,2
2021,7,3,44.652,-124.883,7.6406,2
2021,7,3,44.652,-124.884,7.7499,2
2021,7,3,44.652,-124.884,7.9055,6
2021,7,3,44.652,-124.884,7.9315,2
2021,7,3,44.652,-124.884,7.9451,2
2021,7,3,44.652,-124.884,7.9461,2
2021,7,3,44.652,-124.884,-999,9
2021,7,3,44.652,-124.884,-999,9
2021,7,4,44.651,-124.777,7.3463,2
2021,7,4,44.651,-124.777,-999,9
2021,7,4,44.651,-124.777,-999,9
2021,7,4,44.651,-124.777,7.3525,2
2021,7,4,44.651,-124.777,7.3465,2
2021,7,4,44.651,-124.777,7.3594,2
2021,7,4,44.651,-124.777,7.3801,2
2021,7,4,44.651,-124.777,-999,9
2021,7,4,44.651,-124.777,7.4375,2
2021,7,4,44.651,-124.777,7.5031,2
2021,7,4,44.651,-124.777,7.5448,2
2021,7,4,44.651,-124.777,7.6351,2
2021,7,4,44.651,-124.777,7.6472,6
2021,7,4,44.651,-124.777,7.923,2
2021,7,4,44.651,-124.777,7.9701,2
2021,7,4,44.651,-124.777,7.9827,2
2021,7,4,44.651,-124.777,7.9814,2
2021,7,4,44.651,-124.777,-999,9
2021,7,4,44.651,-124.777,-999,9
2021,7,4,44.651,-124.777,-999,9
2021,7,4,44.653,-124.653,7.3511,2
2021,7,4,44.653,-124.653,-999,9
2021,7,4,44.653,-124.654,7.3613,6
2021,7,4,44.653,-124.653,7.3685,2
2021,7,4,44.653,-124.654,7.3715,2
2021,7,4,44.653,-124.654,7.3673,2
2021,7,4,44.653,-124.654,-999,9
2021,7,4,44.653,-124.654,7.3746,2
2021,7,4,44.653,-124.654,7.4237,2
2021,7,4,44.653,-124.654,7.4672,2
2021,7,4,44.653,-124.654,7.572,2
2021,7,4,44.653,-124.654,7.5652,2
2021,7,4,44.653,-124.654,7.6864,6
2021,7,4,44.653,-124.655,7.8823,2
2021,7,4,44.653,-124.655,8.0137,2
2021,7,4,44.653,-124.655,8.0194,2
2021,7,4,44.653,-124.655,-999,9
2021,7,4,44.653,-124.656,-999,9
2021,7,4,44.652,-124.297,7.2555,2
2021,7,4,44.652,-124.297,-999,9
2021,7,4,44.652,-124.297,-999,9
2021,7,4,44.652,-124.297,7.2612,6
2021,7,4,44.652,-124.297,7.3099,2
2021,7,4,44.652,-124.298,7.3326,2
2021,7,4,44.652,-124.298,-999,9
2021,7,4,44.652,-124.298,-999,9
2021,7,4,44.652,-124.298,-999,9
2021,7,4,44.652,-124.298,7.4825,2
2021,7,4,44.652,-124.298,7.6712,2
2021,7,4,44.652,-124.298,-999,9
2021,7,4,44.652,-124.298,-999,9
2021,7,4,44.652,-124.298,7.8648,2
2021,7,4,44.652,-124.298,7.9876,2
2021,7,4,44.652,-124.298,-999,9
2021,7,4,44.652,-124.298,-999,9
2021,7,4,44.652,-124.298,-999,9
2021,7,4,44.652,-124.176,7.2783,2
2021,7,4,44.652,-124.176,-999,9
2021,7,4,44.652,-124.176,-999,9
2021,7,4,44.652,-124.176,7.2872,6
2021,7,4,44.652,-124.176,7.3796,2
2021,7,4,44.652,-124.176,7.8717,2
2021,7,4,44.652,-124.176,-999,9
2021,7,4,44.652,-124.176,-999,9
2021,7,4,44.652,-124.176,7.8985,2
2021,7,4,44.652,-124.176,7.9054,2
2021,7,4,44.651,-124.176,7.9054,2
2021,7,4,44.651,-124.176,7.9037,2
2021,7,4,44.651,-124.176,-999,9
2021,7,4,44.651,-124.176,-999,9
2021,7,4,44.652,-124.101,7.42,2
2021,7,4,44.652,-124.101,-999,9
2021,7,4,44.652,-124.101,-999,9
2021,7,4,44.652,-124.101,7.496,6
2021,7,4,44.652,-124.101,7.6237,2
2021,7,4,44.652,-124.101,7.6612,2
2021,7,4,44.652,-124.101,7.6579,2
2021,7,4,44.652,-124.101,-999,9
2021,7,4,44.652,-124.101,-999,9
2021,7,4,43.999,-125.105,7.3472,2
2021,7,4,43.999,-125.105,-999,9
2021,7,4,43.999,-125.106,7.2979,6
2021,7,4,43.999,-125.107,7.2838,2
2021,7,4,43.999,-125.107,7.3014,2
2021,7,4,43.999,-125.107,7.3211,2
2021,7,4,43.999,-125.107,7.3472,2
2021,7,4,43.999,-125.107,7.3924,2
2021,7,4,43.999,-125.107,7.4309,2
2021,7,4,43.999,-125.107,7.4735,2
2021,7,4,43.999,-125.107,7.4769,2
2021,7,4,43.999,-125.107,-999,9
2021,7,4,43.999,-125.107,7.5376,2
2021,7,4,43.999,-125.108,7.5957,2
2021,7,4,43.999,-125.108,7.6622,2
2021,7,4,43.999,-125.108,7.6953,6
2021,7,4,43.999,-125.108,7.7768,2
2021,7,4,43.999,-125.108,7.9178,2
2021,7,4,43.999,-125.108,7.9587,2
2021,7,4,43.999,-125.108,7.9612,2
2021,7,4,43.999,-125.108,7.963,2
2021,7,4,43.999,-125.108,-999,9
2021,7,4,43.999,-125.108,-999,9
2021,7,5,44,-125.001,7.2927,2
2021,7,5,44,-125.001,-999,9
2021,7,5,44,-125.001,7.2854,6
2021,7,5,44,-125.002,7.3123,2
2021,7,5,44,-125.002,7.3266,2
2021,7,5,44,-125.002,7.3512,2
2021,7,5,44,-125.002,7.3556,2
2021,7,5,44,-125.002,7.4007,2
2021,7,5,44,-125.002,7.4192,2
2021,7,5,44,-125.002,7.4101,2
2021,7,5,44,-125.002,-999,9
2021,7,5,44,-125.002,7.4375,2
2021,7,5,44,-125.002,7.4442,2
2021,7,5,44,-125.002,7.5395,2
2021,7,5,44,-125.002,7.6191,2
2021,7,5,44,-125.002,7.6855,6
2021,7,5,44,-125.002,7.9314,2
2021,7,5,44,-125.002,7.9805,2
2021,7,5,44,-125.002,8.0066,2
2021,7,5,44,-125.002,8.0078,2
2021,7,5,44,-125.002,-999,9
2021,7,5,44,-125.002,-999,9
2021,7,5,44.001,-124.801,7.3371,2
2021,7,5,44.001,-124.801,-999,9
2021,7,5,44.001,-124.801,-999,9
2021,7,5,44.001,-124.801,7.3543,6
2021,7,5,44.001,-124.801,7.389,2
2021,7,5,44.001,-124.801,7.4947,2
2021,7,5,44.001,-124.801,-999,9
2021,7,5,44.001,-124.802,7.5171,4
2021,7,5,44.001,-124.802,7.5191,2
2021,7,5,44.001,-124.802,7.5668,6
2021,7,5,44.001,-124.802,7.6491,2
2021,7,5,44.001,-124.802,7.9443,2
2021,7,5,44.001,-124.801,7.9936,2
2021,7,5,44.001,-124.801,-999,9
2021,7,5,44.001,-124.801,-999,9
2021,7,5,44.001,-124.6,7.3365,2
2021,7,5,44.001,-124.6,-999,9
2021,7,5,44.001,-124.6,-999,9
2021,7,5,44.001,-124.6,7.3325,6
2021,7,5,44.001,-124.6,7.337,2
2021,7,5,44.001,-124.6,7.3777,2
2021,7,5,44.001,-124.601,7.3474,2
2021,7,5,44.001,-124.601,7.3371,2
2021,7,5,44.001,-124.601,7.4472,2
2021,7,5,44.001,-124.601,7.4921,2
2021,7,5,44.001,-124.601,7.543,2
2021,7,5,44.001,-124.601,7.7604,2
2021,7,5,44.001,-124.601,-999,9
2021,7,5,44.001,-124.601,-999,9
2021,7,5,44.001,-124.601,7.9976,2
2021,7,5,44.001,-124.601,8.0205,2
2021,7,5,44.001,-124.601,-999,9
2021,7,5,44.001,-124.601,-999,9
2021,7,5,44.001,-124.601,-999,9
2021,7,5,44.001,-124.601,-999,9
2021,7,5,44,-124.393,7.3008,2
2021,7,5,44,-124.393,-999,9
2021,7,5,44,-124.393,7.3416,6
2021,7,5,43.999,-124.393,7.3471,2
2021,7,5,43.999,-124.394,7.3482,2
2021,7,5,43.999,-124.394,-999,9
2021,7,5,43.999,-124.394,7.3329,2
2021,7,5,43.999,-124.394,7.4474,2
2021,7,5,43.999,-124.394,7.5033,6
2021,7,5,43.999,-124.394,7.6583,2
2021,7,5,43.999,-124.394,7.8014,2
2021,7,5,43.999,-124.394,7.9446,2
2021,7,5,43.999,-124.394,-999,9
2021,7,5,43.999,-124.394,-999,9
2021,7,5,44,-124.202,7.2972,2
2021,7,5,44,-124.202,-999,9
2021,7,5,44,-124.203,7.3265,6
2021,7,5,44,-124.203,7.3622,2
2021,7,5,44,-124.203,-999,9
2021,7,5,44,-124.203,7.4047,2
2021,7,5,44,-124.203,7.4533,2
2021,7,5,44,-124.203,7.5644,2
2021,7,5,44,-124.203,-999,9
2021,7,5,44,-124.203,-999,9
2021,7,5,43.301,-124.502,7.368,2
2021,7,5,43.301,-124.502,-999,9
2021,7,5,43.301,-124.502,7.3774,6
2021,7,5,43.301,-124.503,7.3912,2
2021,7,5,43.301,-124.503,7.4137,2
2021,7,5,43.301,-124.503,-999,9
2021,7,5,43.301,-124.503,7.4048,2
2021,7,5,43.301,-124.503,7.4615,2
2021,7,5,43.301,-124.503,7.4878,2
2021,7,5,43.301,-124.503,7.6961,4
2021,7,5,43.301,-124.503,7.7262,2
2021,7,5,43.301,-124.503,-999,9
2021,7,5,43.301,-124.503,-999,9
2021,7,6,41.717,-125.657,7.4692,2
2021,7,6,41.717,-125.657,-999,9
2021,7,6,41.717,-125.657,7.4522,6
2021,7,6,41.717,-125.657,7.418,2
2021,7,6,41.717,-125.658,7.3448,2
2021,7,6,41.717,-125.658,7.2977,2
2021,7,6,41.717,-125.658,7.2752,2
2021,7,6,41.717,-125.658,7.2851,2
2021,7,6,41.717,-125.658,7.3187,2
2021,7,6,41.717,-125.658,7.4494,2
2021,7,6,41.717,-125.658,7.473,2
2021,7,6,41.717,-125.658,7.5467,2
2021,7,6,41.717,-125.659,7.7105,6
2021,7,6,41.717,-125.659,7.7918,2
2021,7,6,41.717,-125.659,7.8216,2
2021,7,6,41.717,-125.659,7.8415,2
2021,7,6,41.717,-125.659,-999,9
2021,7,6,41.717,-125.659,-999,9
2021,7,6,41.717,-125.659,7.8638,2
2021,7,6,41.717,-125.659,7.8953,2
2021,7,6,41.717,-125.659,7.9067,2
2021,7,6,41.717,-125.659,7.9076,2
2021,7,6,41.717,-125.659,-999,9
2021,7,6,41.717,-125.659,-999,9
2021,7,6,41.845,-125.05,7.3217,2
2021,7,6,41.845,-125.05,-999,9
2021,7,6,41.845,-125.05,7.2999,6
2021,7,6,41.845,-125.05,7.2932,2
2021,7,6,41.845,-125.05,7.2954,2
2021,7,6,41.845,-125.051,7.3179,2
2021,7,6,41.845,-125.051,7.3449,2
2021,7,6,41.845,-125.051,7.4005,2
2021,7,6,41.845,-125.052,7.4341,2
2021,7,6,41.845,-125.052,7.4739,2
2021,7,6,41.845,-125.052,7.4921,2
2021,7,6,41.845,-125.052,-999,9
2021,7,6,41.845,-125.052,7.523,2
2021,7,6,41.845,-125.052,7.5252,2
2021,7,6,41.845,-125.052,7.6576,6
2021,7,6,41.845,-125.052,7.6931,2
2021,7,6,41.845,-125.052,7.7875,2
2021,7,6,41.845,-125.052,7.8051,2
2021,7,6,41.845,-125.053,7.8077,2
2021,7,6,41.845,-125.053,7.8059,2
2021,7,6,41.845,-125.053,7.8077,2
2021,7,6,41.845,-125.053,-999,9
2021,7,6,41.845,-125.053,-999,9
2021,7,6,41.899,-124.795,7.2909,2
2021,7,6,41.899,-124.795,-999,9
2021,7,6,41.899,-124.794,7.3041,6
2021,7,6,41.899,-124.794,-999,9
2021,7,6,41.899,-124.795,7.3192,2
2021,7,6,41.899,-124.795,7.3467,2
2021,7,6,41.899,-124.795,7.3806,2
2021,7,6,41.899,-124.795,-999,9
2021,7,6,41.899,-124.795,7.4287,2
2021,7,6,41.899,-124.795,7.4675,2
2021,7,6,41.899,-124.795,7.5048,2
2021,7,6,41.899,-124.795,-999,9
2021,7,6,41.899,-124.795,7.5169,2
2021,7,6,41.899,-124.796,7.5519,2
2021,7,6,41.899,-124.796,7.5721,2
2021,7,6,41.899,-124.796,7.5907,6
2021,7,6,41.899,-124.796,7.6243,2
2021,7,6,41.898,-124.796,7.7649,2
2021,7,6,41.898,-124.796,7.7748,2
2021,7,6,41.898,-124.796,7.7794,2
2021,7,6,41.898,-124.796,7.7744,2
2021,7,6,41.898,-124.796,-999,9
2021,7,6,41.898,-124.796,-999,9
2021,7,6,41.942,-124.604,7.3313,2
2021,7,6,41.942,-124.604,-999,9
2021,7,6,41.942,-124.603,7.3383,6
2021,7,6,41.942,-124.603,-999,9
2021,7,6,41.941,-124.602,7.3669,2
2021,7,6,41.941,-124.602,7.3861,2
2021,7,6,41.941,-124.602,7.3955,2
2021,7,6,41.941,-124.602,7.4193,2
2021,7,6,41.941,-124.602,7.4464,2
2021,7,6,41.941,-124.602,-999,9
2021,7,6,41.941,-124.602,7.4598,2
2021,7,6,41.941,-124.602,7.4792,2
2021,7,6,41.941,-124.602,7.4956,2
2021,7,6,41.941,-124.602,7.5376,2
2021,7,6,41.941,-124.602,7.7042,6
2021,7,6,41.941,-124.602,7.7935,2
2021,7,6,41.942,-124.602,7.828,2
2021,7,6,41.942,-124.602,7.8309,2
2021,7,6,41.942,-124.602,7.8329,2
2021,7,6,41.942,-124.602,-999,9
2021,7,6,41.942,-124.602,-999,9
2021,7,6,41.942,-124.602,-999,9
2021,7,6,41.947,-124.562,7.3899,2
2021,7,6,41.947,-124.562,-999,9
2021,7,6,41.947,-124.562,7.4082,6
2021,7,6,41.947,-124.562,-999,9
2021,7,6,41.946,-124.562,7.424,2
2021,7,6,41.946,-124.562,7.4467,2
2021,7,6,41.946,-124.562,7.4568,2
2021,7,6,41.946,-124.562,-999,9
2021,7,6,41.946,-124.562,7.4922,2
2021,7,6,41.946,-124.562,7.5331,2
2021,7,6,41.946,-124.562,7.5969,2
2021,7,6,41.946,-124.562,7.7858,6
2021,7,6,41.946,-124.562,7.8301,2
2021,7,6,41.946,-124.562,7.8459,2
2021,7,6,41.946,-124.562,7.858,3
2021,7,6,41.946,-124.562,7.872,2
2021,7,6,41.946,-124.562,-999,9
2021,7,6,41.946,-124.562,-999,9
2021,7,6,41.946,-124.562,-999,9
2021,7,6,41.975,-124.416,7.4475,2
2021,7,6,41.975,-124.416,-999,9
2021,7,6,41.975,-124.416,7.4595,6
2021,7,6,41.975,-124.416,7.4799,2
2021,7,6,41.975,-124.416,7.4986,2
2021,7,6,41.975,-124.416,-999,9
2021,7,6,41.975,-124.416,7.5129,2
2021,7,6,41.975,-124.416,7.5287,2
2021,7,6,41.975,-124.416,7.5566,2
2021,7,6,41.975,-124.416,7.6938,2
2021,7,6,41.975,-124.416,7.8252,2
2021,7,6,41.975,-124.416,-999,9
2021,7,6,41.975,-124.416,-999,9
2021,7,7,41.993,-124.327,7.5372,2
2021,7,7,41.993,-124.327,-999,9
2021,7,7,41.993,-124.327,7.6123,6
2021,7,7,41.993,-124.327,-999,9
2021,7,7,41.993,-124.327,7.7306,3
2021,7,7,41.993,-124.327,7.9233,2
2021,7,7,41.993,-124.327,8.0748,2
2021,7,7,41.993,-124.327,-999,9
2021,7,7,41.993,-124.327,-999,9
2021,7,7,41.998,-124.283,7.8575,2
2021,7,7,41.998,-124.283,-999,9
2021,7,7,41.998,-124.283,7.9516,6
2021,7,7,41.998,-124.283,7.9829,3
2021,7,7,41.998,-124.283,-999,9
2021,7,7,41.998,-124.283,8.014,2
2021,7,7,41.998,-124.283,8.0243,2
2021,7,7,41.998,-124.283,-999,9
2021,7,7,41.998,-124.283,-999,9
2021,7,7,41.598,-124.153,7.6853,2
2021,7,7,41.598,-124.153,-999,9
2021,7,7,41.598,-124.153,-999,9
2021,7,7,41.598,-124.153,7.8133,6
2021,7,7,41.598,-124.153,7.8915,2
2021,7,7,41.598,-124.153,-999,9
2021,7,7,41.598,-124.153,-999,9
2021,7,7,41.598,-124.153,7.9159,2
2021,7,7,41.598,-124.153,7.9212,3
2021,7,7,41.598,-124.153,-999,9
2021,7,7,41.598,-124.153,-999,9
2021,7,7,41.598,-124.153,-999,9
2021,7,7,39.892,-125.201,7.4217,2
2021,7,7,39.892,-125.201,-999,9
2021,7,7,39.892,-125.201,7.355,6
2021,7,7,39.892,-125.201,7.3049,2
2021,7,7,39.892,-125.201,7.279,2
2021,7,7,39.892,-125.201,7.2957,2
2021,7,7,39.892,-125.201,7.3184,2
2021,7,7,39.892,-125.201,7.3776,2
2021,7,7,39.892,-125.201,7.4736,2
2021,7,7,39.892,-125.201,7.4649,2
2021,7,7,39.892,-125.201,7.5223,2
2021,7,7,39.892,-125.201,7.5985,2
2021,7,7,39.892,-125.201,-999,9
2021,7,7,39.892,-125.201,7.6653,2
2021,7,7,39.892,-125.2,7.7372,2
2021,7,7,39.892,-125.2,7.7439,6
2021,7,7,39.893,-125.2,7.75,2
2021,7,7,39.893,-125.2,7.7771,2
2021,7,7,39.893,-125.2,7.827,2
2021,7,7,39.893,-125.2,7.8346,2
2021,7,7,39.893,-125.2,7.8357,2
2021,7,7,39.893,-125.2,7.8356,2
2021,7,7,39.893,-125.2,-999,9
2021,7,7,39.893,-125.2,-999,9
2021,7,7,40.003,-124.938,7.3767,2
2021,7,7,40.003,-124.938,-999,9
2021,7,7,40.003,-124.938,7.3167,6
2021,7,7,40.003,-124.938,7.286,2
2021,7,7,40.003,-124.938,7.2983,2
2021,7,7,40.003,-124.938,7.323,2
2021,7,7,40.003,-124.938,7.3881,2
2021,7,7,40.003,-124.938,7.4793,2
2021,7,7,40.003,-124.938,7.503,2
2021,7,7,40.003,-124.938,7.5729,2
2021,7,7,40.003,-124.938,7.6177,2
2021,7,7,40.003,-124.938,-999,9
2021,7,7,40.003,-124.938,7.6614,2
2021,7,7,40.003,-124.939,7.725,2
2021,7,7,40.003,-124.939,7.7852,2
2021,7,7,40.003,-124.939,7.7975,6
2021,7,7,40.003,-124.939,7.8166,2
2021,7,7,40.003,-124.939,7.8261,2
2021,7,7,40.003,-124.939,7.832,2
2021,7,7,40.003,-124.938,7.8309,2
2021,7,7,40.003,-124.938,7.8315,2
2021,7,7,40.003,-124.938,-999,9
2021,7,7,40.003,-124.938,-999,9
2021,7,8,40.1,-124.715,7.3027,2
2021,7,8,40.1,-124.715,-999,9
2021,7,8,40.1,-124.715,7.2917,6
2021,7,8,40.1,-124.715,7.2971,2
2021,7,8,40.1,-124.716,7.3223,2
2021,7,8,40.1,-124.716,7.3682,2
2021,7,8,40.1,-124.716,7.45,2
2021,7,8,40.1,-124.716,7.4876,2
2021,7,8,40.1,-124.716,7.4892,2
2021,7,8,40.1,-124.716,7.5146,2
2021,7,8,40.1,-124.716,-999,9
2021,7,8,40.1,-124.716,7.553,2
2021,7,8,40.1,-124.716,7.6281,2
2021,7,8,40.1,-124.716,7.6937,2
2021,7,8,40.1,-124.716,7.7803,6
2021,7,8,40.1,-124.716,7.8288,2
2021,7,8,40.1,-124.716,7.8558,2
2021,7,8,40.1,-124.716,7.8571,2
2021,7,8,40.1,-124.716,7.8593,2
2021,7,8,40.1,-124.717,7.8575,2
2021,7,8,40.1,-124.717,-999,9
2021,7,8,40.1,-124.717,-999,9
2021,7,9,40.234,-124.412,7.4,2
2021,7,9,40.234,-124.412,-999,9
2021,7,9,40.234,-124.412,-999,9
2021,7,9,40.234,-124.413,7.4264,2
2021,7,9,40.234,-124.413,7.4334,2
2021,7,9,40.234,-124.413,7.4429,2
2021,7,9,40.234,-124.413,7.445,2
2021,7,9,40.234,-124.413,-999,9
2021,7,9,40.234,-124.413,-999,9
2021,7,9,40.234,-124.413,7.4462,2
2021,7,9,40.234,-124.413,7.4486,2
2021,7,9,40.234,-124.413,7.4478,2
2021,7,9,40.234,-124.414,7.4509,2
2021,7,9,40.234,-124.414,-999,9
2021,7,9,40.234,-124.414,-999,9
2021,7,9,40.234,-124.414,-999,9
2021,7,9,40.245,-124.385,7.3881,2
2021,7,9,40.245,-124.385,-999,9
2021,7,9,40.245,-124.385,7.3881,6
2021,7,9,40.245,-124.385,7.4075,2
2021,7,9,40.245,-124.385,-999,9
2021,7,9,40.245,-124.385,-999,9
2021,7,9,40.245,-124.385,7.4412,2
2021,7,9,40.245,-124.386,7.4448,2
2021,7,9,40.245,-124.386,7.4479,2
2021,7,9,40.245,-124.386,-999,9
2021,7,9,40.245,-124.386,-999,9
2021,7,9,40.245,-124.386,-999,9
2021,7,9,40.219,-124.45,7.377,2
2021,7,9,40.219,-124.45,-999,9
2021,7,9,40.219,-124.451,7.379,6
2021,7,9,40.219,-124.451,-999,9
2021,7,9,40.219,-124.452,7.3815,2
2021,7,9,40.219,-124.452,-999,9
2021,7,9,40.218,-124.453,7.3854,2
2021,7,9,40.218,-124.453,7.3895,2
2021,7,9,40.218,-124.454,7.4078,2
2021,7,9,40.218,-124.455,7.4535,6
2021,7,9,40.218,-124.455,7.4671,2
2021,7,9,40.218,-124.456,7.4737,2
2021,7,9,40.218,-124.457,7.4741,2
2021,7,9,40.217,-124.458,7.4799,2
2021,7,9,40.217,-124.458,-999,9
2021,7,9,40.217,-124.458,-999,9
2021,7,9,40.203,-124.492,7.3415,2
2021,7,9,40.203,-124.492,-999,9
2021,7,9,40.203,-124.492,7.3893,6
2021,7,9,40.203,-124.493,7.4006,2
2021,7,9,40.203,-124.493,7.4322,2
2021,7,9,40.203,-124.493,7.439,2
2021,7,9,40.203,-124.493,-999,9
2021,7,9,40.203,-124.493,7.4442,2
2021,7,9,40.202,-124.493,7.4492,2
2021,7,9,40.202,-124.494,7.4546,2
2021,7,9,40.202,-124.494,7.462,2
2021,7,9,40.202,-124.495,7.462,6
2021,7,9,40.202,-124.495,7.4618,2
2021,7,9,40.202,-124.495,7.4633,2
2021,7,9,40.202,-124.495,7.4663,2
2021,7,9,40.202,-124.496,7.4628,2
2021,7,9,40.202,-124.496,-999,9
2021,7,9,40.202,-124.496,-999,9
2021,7,9,38.779,-124.092,7.4351,2
2021,7,9,38.779,-124.092,-999,9
2021,7,9,38.779,-124.092,7.4279,6
2021,7,9,38.779,-124.091,7.35,2
2021,7,10,38.779,-124.091,7.3177,2
2021,7,10,38.779,-124.09,7.302,2
2021,7,10,38.779,-124.09,7.3112,2
2021,7,10,38.779,-124.09,7.3307,2
2021,7,10,38.779,-124.09,7.3576,2
2021,7,10,38.779,-124.09,7.404,2
2021,7,10,38.779,-124.09,7.4465,2
2021,7,10,38.779,-124.09,7.5178,2
2021,7,10,38.779,-124.09,-999,9
2021,7,10,38.779,-124.09,7.5559,2
2021,7,10,38.779,-124.09,7.6273,2
2021,7,10,38.779,-124.09,7.637,2
2021,7,10,38.779,-124.09,7.6583,2
2021,7,10,38.779,-124.09,7.7179,6
2021,7,10,38.779,-124.09,7.7988,2
2021,7,10,38.779,-124.09,7.8004,2
2021,7,10,38.779,-124.09,7.8002,2
2021,7,10,38.779,-124.09,7.8003,2
2021,7,10,38.779,-124.09,-999,9
2021,7,10,38.779,-124.09,-999,9
2021,7,10,38.853,-123.907,7.3959,2
2021,7,10,38.853,-123.907,-999,9
2021,7,10,38.853,-123.907,-999,9
2021,7,10,38.853,-123.907,7.4058,6
2021,7,10,38.853,-123.907,7.4146,3
2021,7,10,38.853,-123.907,7.4499,2
2021,7,10,38.853,-123.907,-999,9
2021,7,10,38.853,-123.907,7.5005,2
2021,7,10,38.853,-123.907,-999,9
2021,7,10,38.853,-123.907,7.5158,2
2021,7,10,38.853,-123.907,7.5411,2
2021,7,10,38.853,-123.907,7.5505,2
2021,7,10,38.853,-123.907,7.5779,6
2021,7,10,38.853,-123.907,7.6399,2
2021,7,10,38.853,-123.907,7.71,2
2021,7,10,38.853,-123.907,7.7203,2
2021,7,10,38.853,-123.907,7.7197,2
2021,7,10,38.853,-123.907,-999,9
2021,7,10,38.853,-123.907,-999,9
2021,7,10,38.895,-123.791,7.4067,2
2021,7,10,38.895,-123.791,-999,9
2021,7,10,38.895,-123.791,-999,9
2021,7,10,38.895,-123.791,7.4529,6
2021,7,10,38.895,-123.791,-999,9
2021,7,10,38.895,-123.791,7.4851,2
2021,7,10,38.895,-123.791,-999,9
2021,7,10,38.895,-123.791,7.5105,2
2021,7,10,38.895,-123.791,-999,9
2021,7,10,38.895,-123.791,7.5707,2
2021,7,10,38.895,-123.791,-999,9
2021,7,10,38.895,-123.791,-999,9
2021,7,10,38.895,-123.791,7.646,2
2021,7,10,38.895,-123.791,-999,9
2021,7,10,38.895,-123.791,-999,9
2021,7,10,38.895,-123.791,7.671,6
2021,7,10,38.895,-123.791,7.6747,2
2021,7,10,38.895,-123.791,-999,9
2021,7,10,38.895,-123.791,7.6745,2
2021,7,10,38.895,-123.791,-999,9
2021,7,10,38.895,-123.791,7.675,2
2021,7,10,38.895,-123.791,-999,9
2021,7,10,38.895,-123.791,-999,9
2021,7,10,38.895,-123.791,-999,9
2021,7,10,37.749,-123.319,7.3243,2
2021,7,10,37.749,-123.319,-999,9
2021,7,10,37.749,-123.32,7.3159,6
2021,7,10,37.749,-123.32,7.2967,2
2021,7,10,37.749,-123.32,7.3151,2
2021,7,10,37.749,-123.32,7.3396,2
2021,7,10,37.749,-123.32,7.3735,2
2021,7,10,37.749,-123.32,7.4195,2
2021,7,10,37.749,-123.32,7.4348,2
2021,7,10,37.749,-123.32,7.4509,2
2021,7,10,37.749,-123.32,7.4855,2
2021,7,10,37.749,-123.32,-999,9
2021,7,10,37.749,-123.32,7.5056,2
2021,7,10,37.749,-123.32,7.5474,2
2021,7,10,37.749,-123.32,7.576,2
2021,7,10,37.749,-123.32,7.6039,6
2021,7,10,37.749,-123.32,7.6927,2
2021,7,10,37.749,-123.32,7.7921,2
2021,7,10,37.749,-123.32,7.8926,2
2021,7,10,37.749,-123.32,7.9138,2
2021,7,10,37.749,-123.32,7.9213,2
2021,7,10,37.749,-123.32,-999,9
2021,7,10,37.749,-123.32,-999,9
2021,7,10,37.813,-123.168,7.4322,2
2021,7,10,37.813,-123.168,-999,9
2021,7,10,37.813,-123.168,7.4422,6
2021,7,10,37.813,-123.168,-999,9
2021,7,10,37.813,-123.168,7.4782,2
2021,7,10,37.813,-123.168,-999,9
2021,7,10,37.813,-123.168,7.5367,2
2021,7,10,37.813,-123.168,-999,9
2021,7,10,37.813,-123.168,7.6048,2
2021,7,10,37.813,-123.168,-999,9
2021,7,10,37.813,-123.168,7.7698,2
2021,7,10,37.813,-123.168,-999,9
2021,7,10,37.813,-123.168,7.7976,2
2021,7,10,37.813,-123.168,7.8329,2
2021,7,10,37.813,-123.168,7.8633,3
2021,7,10,37.813,-123.168,-999,9
2021,7,11,37.892,-122.996,7.3903,2
2021,7,11,37.892,-122.996,-999,9
2021,7,11,37.892,-122.996,7.4046,6
2021,7,11,37.892,-122.996,-999,9
2021,7,11,37.892,-122.996,7.4286,2
2021,7,11,37.892,-122.996,-999,9
2021,7,11,37.892,-122.996,7.434,2
2021,7,11,37.892,-122.996,-999,9
2021,7,11,37.892,-122.996,7.6821,2
2021,7,11,37.892,-122.996,-999,9
2021,7,11,37.892,-122.996,7.7948,2
2021,7,11,37.892,-122.996,7.8417,2
2021,7,11,37.892,-122.996,7.8432,2
2021,7,11,37.892,-122.996,-999,9
2021,7,11,37.97,-122.829,7.4654,2
2021,7,11,37.97,-122.829,-999,9
2021,7,11,37.97,-122.829,7.4812,6
2021,7,11,37.97,-122.829,-999,9
2021,7,11,37.97,-122.829,7.5268,2
2021,7,11,37.97,-122.829,-999,9
2021,7,11,37.97,-122.829,7.5792,2
2021,7,11,37.97,-122.829,-999,9
2021,7,11,37.97,-122.829,7.5996,2
2021,7,11,37.97,-122.829,-999,9
2021,7,11,37.97,-122.829,-999,9
2021,7,11,37.97,-122.829,-999,9
2021,7,11,37.943,-122.881,7.4157,2
2021,7,11,37.943,-122.881,-999,9
2021,7,11,37.943,-122.881,-999,9
2021,7,11,37.943,-122.881,7.4596,6
2021,7,11,37.943,-122.881,-999,9
2021,7,11,37.943,-122.881,-999,9
2021,7,11,37.943,-122.88,7.5225,2
2021,7,11,37.943,-122.88,-999,9
2021,7,11,37.943,-122.88,-999,9
2021,7,11,37.943,-122.88,7.5491,2
2021,7,11,37.943,-122.88,-999,9
2021,7,11,37.943,-122.88,-999,9
2021,7,11,37.943,-122.88,7.6347,2
2021,7,11,37.943,-122.88,-999,9
2021,7,11,37.943,-122.88,-999,9
2021,7,11,37.943,-122.88,7.7408,2
2021,7,11,37.943,-122.88,-999,9
2021,7,11,37.943,-122.88,-999,9
2021,7,11,37.943,-122.88,-999,9
2021,7,11,37.943,-122.88,-999,9
2021,7,11,37.861,-123.071,7.4459,2
2021,7,11,37.861,-123.071,-999,9
2021,7,11,37.861,-123.071,-999,9
2021,7,11,37.861,-123.071,7.455,6
2021,7,11,37.861,-123.071,-999,9
2021,7,11,37.861,-123.071,-999,9
2021,7,11,37.861,-123.071,7.4837,2
2021,7,11,37.861,-123.071,-999,9
2021,7,11,37.861,-123.071,-999,9
2021,7,11,37.861,-123.071,7.5313,2
2021,7,11,37.861,-123.071,-999,9
2021,7,11,37.861,-123.071,-999,9
2021,7,11,37.861,-123.071,7.5808,2
2021,7,11,37.861,-123.071,-999,9
2021,7,11,37.861,-123.071,-999,9
2021,7,11,37.861,-123.071,7.7219,2
2021,7,11,37.861,-123.071,-999,9
2021,7,11,37.861,-123.071,7.7339,2
2021,7,11,37.861,-123.071,7.7349,2
2021,7,11,37.861,-123.071,-999,9
2021,7,11,37.861,-123.071,7.7358,2
2021,7,11,37.861,-123.071,-999,9
2021,7,11,37.861,-123.071,-999,9
2021,7,11,37.861,-123.071,-999,9
2021,7,11,37.666,-123.487,7.5048,2
2021,7,11,37.666,-123.487,-999,9
2021,7,11,37.666,-123.487,7.4791,6
2021,7,11,37.666,-123.488,7.4232,2
2021,7,11,37.666,-123.488,7.3596,2
2021,7,11,37.666,-123.487,7.3149,2
2021,7,11,37.666,-123.487,7.3002,2
2021,7,11,37.666,-123.487,7.3069,2
2021,7,11,37.666,-123.488,7.3229,2
2021,7,11,37.666,-123.488,7.3649,2
2021,7,11,37.666,-123.488,7.4252,2
2021,7,11,37.666,-123.488,7.4484,2
2021,7,11,37.666,-123.488,7.4599,2
2021,7,11,37.666,-123.488,7.5167,2
2021,7,11,37.666,-123.488,7.549,2
2021,7,11,37.666,-123.488,7.5795,2
2021,7,11,37.666,-123.488,7.6121,2
2021,7,11,37.666,-123.488,7.6567,2
2021,7,11,37.666,-123.488,7.7958,6
2021,7,11,37.666,-123.488,7.7988,2
2021,7,11,37.666,-123.488,7.801,2
2021,7,11,37.666,-123.488,7.8007,2
2021,7,11,37.666,-123.488,7.8021,2
2021,7,11,37.666,-123.488,-999,9
2021,7,12,37.824,-122.392,7.7282,2
2021,7,12,37.824,-122.392,-999,9
2021,7,12,37.824,-122.392,-999,9
2021,7,12,37.824,-122.392,7.7238,6
2021,7,12,37.824,-122.392,7.7273,2
2021,7,12,37.824,-122.392,7.7349,2
2021,7,12,37.824,-122.392,7.733,3
2021,7,12,37.824,-122.392,-999,9
2021,7,12,37.824,-122.392,-999,9
2021,7,12,37.847,-122.421,7.6892,3
2021,7,12,37.847,-122.421,-999,9
2021,7,12,37.846,-122.421,7.6868,2
2021,7,12,37.846,-122.421,7.6874,3
2021,7,12,37.846,-122.421,7.6902,3
2021,7,12,37.846,-122.421,7.6906,3
2021,7,12,37.846,-122.421,7.6925,3
2021,7,12,37.846,-122.421,7.6974,2
2021,7,12,37.846,-122.421,-999,9
2021,7,12,37.846,-122.421,-999,9
2021,7,12,37.846,-122.421,-999,9
2021,7,12,37.892,-122.441,7.7134,3
2021,7,12,37.892,-122.441,-999,9
2021,7,12,37.892,-122.442,7.6937,3
2021,7,12,37.892,-122.442,-999,9
2021,7,12,37.892,-122.442,7.7005,3
2021,7,12,37.892,-122.442,-999,9
2021,7,12,37.892,-122.442,7.709,2
2021,7,12,37.892,-122.442,-999,9
2021,7,12,37.892,-122.442,-999,9
2021,7,12,37.831,-122.445,7.7004,2
2021,7,12,37.831,-122.445,-999,9
2021,7,12,37.831,-122.445,7.6992,6
2021,7,12,37.831,-122.445,-999,9
2021,7,12,37.832,-122.444,-999,9
2021,7,12,37.832,-122.444,7.6984,2
2021,7,12,37.832,-122.444,7.7004,2
2021,7,12,37.832,-122.444,-999,9
2021,7,12,37.832,-122.444,7.7017,2
2021,7,12,37.832,-122.444,-999,9
2021,7,12,37.81,-122.516,7.7097,2
2021,7,12,37.81,-122.516,-999,9
2021,7,12,37.81,-122.516,7.7094,6
2021,7,12,37.81,-122.516,-999,9
2021,7,12,37.81,-122.516,7.7069,2
2021,7,12,37.81,-122.516,-999,9
2021,7,12,37.81,-122.516,7.7105,2
2021,7,12,37.81,-122.516,-999,9
2021,7,12,37.81,-122.516,-999,9
2021,7,12,37.81,-122.516,7.7108,2
2021,7,12,37.793,-122.562,7.6177,2
2021,7,12,37.793,-122.562,-999,9
2021,7,12,37.793,-122.562,7.688,6
2021,7,12,37.793,-122.562,-999,9
2021,7,12,37.792,-122.562,7.7069,2
2021,7,12,37.792,-122.562,-999,9
2021,7,12,37.792,-122.562,-999,9
2021,7,12,37.792,-122.562,7.7035,2
2021,7,12,37.792,-122.562,-999,9
2021,7,12,37.792,-122.562,-999,9
2021,7,13,37.772,-122.633,7.5721,2
2021,7,13,37.772,-122.633,-999,9
2021,7,13,37.772,-122.633,7.6846,6
2021,7,13,37.772,-122.633,-999,9
2021,7,13,37.772,-122.633,7.7906,2
2021,7,13,37.772,-122.633,-999,9
2021,7,13,37.718,-122.815,7.4042,2
2021,7,13,37.718,-122.815,-999,9
2021,7,13,37.718,-122.815,7.5593,6
2021,7,13,37.718,-122.815,-999,9
2021,7,13,37.718,-122.815,7.6972,2
2021,7,13,37.718,-122.815,-999,9
2021,7,13,37.718,-122.815,7.8333,2
2021,7,13,37.718,-122.815,-999,9
2021,7,13,37.718,-122.815,7.8381,2
2021,7,13,37.718,-122.815,-999,9
2021,7,13,37.718,-122.815,-999,9
2021,7,13,37.658,-122.997,7.3914,2
2021,7,13,37.658,-122.997,-999,9
2021,7,13,37.658,-122.997,-999,9
2021,7,13,37.658,-122.997,7.4107,6
2021,7,13,37.658,-122.997,-999,9
2021,7,13,37.658,-122.997,-999,9
2021,7,13,37.658,-122.997,7.4161,2
2021,7,13,37.658,-122.997,-999,9
2021,7,13,37.657,-122.997,-999,9
2021,7,13,37.657,-122.997,7.4394,2
2021,7,13,37.657,-122.997,-999,9
2021,7,13,37.657,-122.997,-999,9
2021,7,13,37.657,-122.997,7.4667,2
2021,7,13,37.657,-122.997,-999,9
2021,7,13,37.657,-122.997,-999,9
2021,7,13,37.657,-122.997,7.6992,2
2021,7,13,37.657,-122.997,-999,9
2021,7,13,37.657,-122.997,7.8556,2
2021,7,13,37.657,-122.997,-999,9
2021,7,13,37.657,-122.997,7.8689,2
2021,7,13,37.657,-122.997,-999,9
2021,7,13,37.657,-122.997,-999,9
2021,7,13,37.657,-122.997,-999,9
2021,7,13,35.91,-123.93,7.5549,2
2021,7,13,35.91,-123.93,7.5316,6
2021,7,13,35.91,-123.93,7.5102,2
2021,7,13,35.91,-123.93,7.4805,2
2021,7,13,35.91,-123.931,7.4316,2
2021,7,13,35.91,-123.931,7.3751,2
2021,7,13,35.91,-123.931,7.3183,2
2021,7,13,35.91,-123.931,7.294,2
2021,7,13,35.91,-123.931,7.2948,2
2021,7,13,35.91,-123.931,7.3197,2
2021,7,13,35.91,-123.931,7.386,2
2021,7,13,35.91,-123.931,7.4432,2
2021,7,13,35.91,-123.931,7.4885,2
2021,7,13,35.909,-123.931,7.5128,2
2021,7,13,35.909,-123.931,7.5459,2
2021,7,13,35.909,-123.931,7.6609,2
2021,7,13,35.909,-123.931,7.6955,2
2021,7,13,35.91,-123.931,7.7321,2
2021,7,13,35.91,-123.931,7.7815,6
2021,7,13,35.91,-123.931,7.8537,2
2021,7,13,35.91,-123.931,7.862,2
2021,7,13,35.91,-123.931,7.8622,2
2021,7,13,35.91,-123.931,7.862,2
2021,7,13,35.91,-123.931,7.8628,2
2021,7,14,36.287,-123.132,7.5261,2
2021,7,14,36.287,-123.132,7.5105,2
2021,7,14,36.287,-123.132,7.4757,2
2021,7,14,36.287,-123.132,7.424,2
2021,7,14,36.287,-123.132,7.3744,2
2021,7,14,36.287,-123.132,7.3229,6
2021,7,14,36.287,-123.132,7.3057,2
2021,7,14,36.287,-123.132,7.3076,2
2021,7,14,36.287,-123.132,7.3198,2
2021,7,14,36.287,-123.132,7.3443,2
2021,7,14,36.287,-123.132,7.3971,2
2021,7,14,36.287,-123.132,7.4305,2
2021,7,14,36.287,-123.132,7.452,2
2021,7,14,36.287,-123.132,7.4755,2
2021,7,14,36.287,-123.133,7.4988,2
2021,7,14,36.287,-123.133,7.5308,2
2021,7,14,36.287,-123.133,7.5736,6
2021,7,14,36.287,-123.133,7.6358,2
2021,7,14,36.287,-123.133,7.7702,2
2021,7,14,36.287,-123.133,7.8091,2
2021,7,14,36.287,-123.133,7.8215,2
2021,7,14,36.287,-123.133,7.828,2
2021,7,14,36.287,-123.133,7.8299,2
2021,7,14,36.287,-123.133,-999,9
2021,7,14,36.46,-122.782,7.513,2
2021,7,14,36.46,-122.782,-999,9
2021,7,14,36.46,-122.783,7.4811,2
2021,7,14,36.46,-122.783,7.4261,2
2021,7,14,36.46,-122.783,7.3673,2
2021,7,14,36.46,-122.783,7.3262,6
2021,7,14,36.459,-122.783,7.3026,2
2021,7,14,36.459,-122.783,7.3094,2
2021,7,14,36.459,-122.783,7.3249,2
2021,7,14,36.459,-122.783,7.3541,2
2021,7,14,36.459,-122.783,7.4149,2
2021,7,14,36.459,-122.783,7.4612,2
2021,7,14,36.459,-122.783,7.4671,2
2021,7,14,36.459,-122.783,7.5169,2
2021,7,14,36.459,-122.783,7.6159,2
2021,7,14,36.459,-122.783,7.659,2
2021,7,14,36.459,-122.783,7.7084,2
2021,7,14,36.459,-122.783,7.833,6
2021,7,14,36.459,-122.783,-999,9
2021,7,14,36.459,-122.783,-999,9
2021,7,14,36.459,-122.783,7.85,2
2021,7,14,36.459,-122.783,7.8496,2
2021,7,14,36.459,-122.783,7.8492,2
2021,7,14,36.459,-122.783,-999,9
2021,7,14,36.62,-122.416,7.5054,2
2021,7,14,36.62,-122.416,-999,9
2021,7,14,36.62,-122.416,7.4802,6
2021,7,14,36.62,-122.416,7.4308,2
2021,7,14,36.619,-122.416,7.3606,2
2021,7,14,36.619,-122.416,7.3119,2
2021,7,14,36.619,-122.416,7.3006,2
2021,7,14,36.619,-122.416,7.3183,2
2021,7,14,36.619,-122.416,7.3418,2
2021,7,14,36.619,-122.416,-999,9
2021,7,14,36.619,-122.416,7.406,2
2021,7,14,36.619,-122.416,7.4414,2
2021,7,14,36.619,-122.416,7.4467,2
2021,7,14,36.619,-122.416,7.464,2
2021,7,14,36.619,-122.416,7.522,2
2021,7,14,36.619,-122.416,7.5503,2
2021,7,14,36.619,-122.416,7.5748,2
2021,7,14,36.619,-122.416,7.593,2
2021,7,14,36.619,-122.416,7.6448,6
2021,7,14,36.619,-122.416,7.7687,2
2021,7,14,36.619,-122.416,7.786,2
2021,7,14,36.619,-122.416,7.7879,2
2021,7,14,36.619,-122.416,-999,9
2021,7,14,36.619,-122.416,7.8313,2
2021,7,14,36.758,-121.927,7.4648,2
2021,7,14,36.758,-121.927,-999,9
2021,7,14,36.758,-121.927,7.4704,6
2021,7,14,36.758,-121.927,7.4886,2
2021,7,14,36.758,-121.927,7.5095,2
2021,7,14,36.758,-121.927,7.537,2
2021,7,14,36.758,-121.927,7.5462,2
2021,7,14,36.758,-121.927,7.5734,2
2021,7,14,36.758,-121.927,7.6154,6
2021,7,14,36.758,-121.927,7.7245,2
2021,7,14,36.758,-121.927,-999,9
2021,7,14,36.758,-121.927,7.8346,2
2021,7,14,36.758,-121.927,7.8465,2
2021,7,14,36.758,-121.927,-999,9
2021,7,14,36.795,-121.847,7.3623,2
2021,7,14,36.795,-121.847,-999,9
2021,7,14,36.795,-121.847,7.3813,6
2021,7,14,36.795,-121.847,7.3872,2
2021,7,14,36.795,-121.847,7.4352,2
2021,7,14,36.795,-121.847,7.4439,2
2021,7,14,36.795,-121.847,7.4608,2
2021,7,14,36.795,-121.847,-999,9
2021,7,14,36.795,-121.847,7.4683,2
2021,7,14,36.795,-121.847,-999,9
2021,7,14,36.795,-121.847,7.4758,2
2021,7,14,36.795,-121.847,-999,9
2021,7,14,36.795,-121.847,7.481,2
2021,7,14,36.795,-121.847,-999,9
2021,7,14,36.795,-121.847,7.487,2
2021,7,14,36.795,-121.847,7.4851,6
2021,7,14,36.795,-121.847,-999,9
2021,7,14,36.794,-121.847,7.5134,2
2021,7,14,36.794,-121.847,-999,9
2021,7,14,36.794,-121.847,7.6806,2
2021,7,14,36.794,-121.847,7.8151,2
2021,7,14,36.794,-121.847,7.8805,2
2021,7,14,36.794,-121.847,-999,9
2021,7,14,36.794,-121.847,-999,9
2021,7,15,36.809,-121.818,7.5088,2
2021,7,15,36.809,-121.818,-999,9
2021,7,15,36.809,-121.818,7.5211,6
2021,7,15,36.809,-121.818,-999,9
2021,7,15,36.809,-121.818,7.5281,2
2021,7,15,36.809,-121.818,-999,9
2021,7,15,36.809,-121.818,7.5459,2
2021,7,15,36.809,-121.818,-999,9
2021,7,15,36.809,-121.818,7.7373,2
2021,7,15,36.809,-121.818,-999,9
2021,7,15,36.809,-121.818,7.8893,2
2021,7,15,36.809,-121.818,-999,9
2021,7,15,36.809,-121.818,-999,9
2021,7,15,36.783,-121.871,7.466,2
2021,7,15,36.783,-121.871,-999,9
2021,7,15,36.783,-121.871,7.4704,6
2021,7,15,36.783,-121.871,-999,9
2021,7,15,36.783,-121.871,7.4731,2
2021,7,15,36.783,-121.871,-999,9
2021,7,15,36.783,-121.871,7.4733,4
2021,7,15,36.783,-121.871,-999,9
2021,7,15,36.783,-121.871,7.507,2
2021,7,15,36.783,-121.871,-999,9
2021,7,15,36.782,-121.871,7.5237,2
2021,7,15,36.782,-121.871,-999,9
2021,7,15,36.782,-121.871,7.5408,2
2021,7,15,36.782,-121.871,-999,9
2021,7,15,36.782,-121.871,7.5576,6
2021,7,15,36.782,-121.871,-999,9
2021,7,15,36.782,-121.871,7.5726,2
2021,7,15,36.782,-121.871,-999,9
2021,7,15,36.782,-121.871,-999,9
2021,7,15,36.782,-121.871,7.7202,2
2021,7,15,36.782,-121.871,7.848,2
2021,7,15,36.782,-121.871,7.8573,2
2021,7,15,36.782,-121.871,-999,9
2021,7,15,36.782,-121.871,-999,9
2021,7,15,36.736,-121.968,7.4934,2
2021,7,15,36.736,-121.968,-999,9
2021,7,15,36.736,-121.968,7.4963,6
2021,7,15,36.736,-121.968,-999,9
2021,7,15,36.736,-121.968,7.5079,2
2021,7,15,36.736,-121.968,-999,9
2021,7,15,36.736,-121.968,7.5145,2
2021,7,15,36.736,-121.968,-999,9
2021,7,15,36.736,-121.968,7.5235,2
2021,7,15,36.736,-121.968,-999,9
2021,7,15,36.736,-121.968,7.5505,2
2021,7,15,36.736,-121.968,-999,9
2021,7,15,36.736,-121.968,7.5794,2
2021,7,15,36.736,-121.968,-999,9
2021,7,15,36.736,-121.968,7.5584,3
2021,7,15,36.736,-121.968,-999,9
2021,7,15,36.736,-121.968,-999,9
2021,7,15,36.736,-121.968,7.6348,6
2021,7,15,36.736,-121.968,7.7147,2
2021,7,15,36.736,-121.968,7.8388,2
2021,7,15,36.736,-121.968,7.879,2
2021,7,15,36.736,-121.968,-999,9
2021,7,15,36.736,-121.968,-999,9
2021,7,15,36.736,-121.968,-999,9
2021,7,15,35.631,-121.292,7.5537,2
2021,7,15,35.631,-121.292,-999,9
2021,7,15,35.631,-121.292,7.5965,2
2021,7,15,35.631,-121.292,7.6283,2
2021,7,15,35.631,-121.292,7.6445,2
2021,7,15,35.631,-121.292,-999,9
2021,7,15,35.631,-121.292,7.7399,2
2021,7,15,35.631,-121.292,7.8066,2
2021,7,15,35.632,-121.292,7.8183,2
2021,7,15,35.632,-121.292,7.8237,2
2021,7,15,35.632,-121.292,7.8351,2
2021,7,15,35.632,-121.292,-999,9
2021,7,15,35.477,-121.612,7.3353,3
2021,7,15,35.477,-121.612,-999,9
2021,7,15,35.476,-121.613,7.3104,6
2021,7,15,35.476,-121.613,7.3167,2
2021,7,15,35.476,-121.613,7.3397,2
2021,7,15,35.476,-121.613,7.3669,2
2021,7,15,35.476,-121.613,7.4317,2
2021,7,15,35.476,-121.613,7.4831,2
2021,7,15,35.476,-121.613,7.4903,2
2021,7,15,35.476,-121.613,7.4992,2
2021,7,15,35.476,-121.613,-999,9
2021,7,15,35.476,-121.613,7.5061,2
2021,7,15,35.476,-121.614,7.5148,2
2021,7,15,35.476,-121.614,7.5313,2
2021,7,15,35.476,-121.614,7.5747,2
2021,7,15,35.475,-121.614,7.6398,6
2021,7,15,35.475,-121.614,7.7595,2
2021,7,15,35.475,-121.614,7.783,2
2021,7,15,35.475,-121.614,7.8252,2
2021,7,15,35.475,-121.614,7.8478,2
2021,7,15,35.475,-121.614,-999,9
2021,7,15,35.31,-121.963,7.4824,2
2021,7,15,35.31,-121.963,-999,9
2021,7,15,35.31,-121.963,7.4266,6
2021,7,15,35.31,-121.963,7.3647,2
2021,7,15,35.31,-121.963,7.323,2
2021,7,15,35.31,-121.964,7.3084,2
2021,7,15,35.31,-121.964,7.3092,2
2021,7,16,35.31,-121.964,7.3289,2
2021,7,16,35.31,-121.964,7.3454,2
2021,7,16,35.31,-121.964,7.417,2
2021,7,16,35.31,-121.964,7.4536,2
2021,7,16,35.31,-121.964,7.4626,2
2021,7,16,35.31,-121.964,7.4811,2
2021,7,16,35.31,-121.964,-999,9
2021,7,16,35.31,-121.964,7.5144,2
2021,7,16,35.31,-121.964,7.5791,2
2021,7,16,35.31,-121.965,7.6489,2
2021,7,16,35.31,-121.965,7.7162,2
2021,7,16,35.309,-121.965,7.7848,6
2021,7,16,35.309,-121.965,-999,9
2021,7,16,35.309,-121.965,7.8833,2
2021,7,16,35.309,-121.965,7.8839,2
2021,7,16,35.309,-121.965,7.8844,2
2021,7,16,35.309,-121.965,-999,9
2021,7,16,34.976,-122.666,7.5538,2
2021,7,16,34.975,-122.666,7.5104,2
2021,7,16,34.975,-122.666,7.4243,6
2021,7,16,34.975,-122.667,7.3276,2
2021,7,16,34.975,-122.667,7.3038,2
2021,7,16,34.975,-122.667,7.2969,2
2021,7,16,34.975,-122.667,7.3115,2
2021,7,16,34.975,-122.667,7.347,2
2021,7,16,34.975,-122.667,7.4267,2
2021,7,16,34.975,-122.667,7.454,2
2021,7,16,34.975,-122.667,7.5004,2
2021,7,16,34.975,-122.667,7.5303,2
2021,7,16,34.975,-122.667,7.5783,2
2021,7,16,34.975,-122.667,7.6375,6
2021,7,16,34.975,-122.668,7.7236,2
2021,7,16,34.975,-122.668,7.8223,2
2021,7,16,34.975,-122.668,-999,9
2021,7,16,34.975,-122.668,-999,9
2021,7,16,34.974,-122.668,7.8602,2
2021,7,16,34.974,-122.668,-999,5
2021,7,16,34.974,-122.668,7.8603,2
2021,7,16,34.974,-122.668,7.8615,2
2021,7,16,34.974,-122.668,-999,9
2021,7,16,34.974,-122.668,-999,9
2021,7,16,34.643,-123.366,7.557,2
2021,7,16,34.643,-123.366,7.5295,2
2021,7,16,34.643,-123.367,7.51,6
2021,7,16,34.643,-123.367,7.4761,2
2021,7,16,34.642,-123.367,7.4296,2
2021,7,16,34.642,-123.368,7.3782,2
2021,7,16,34.642,-123.368,7.3251,2
2021,7,16,34.642,-123.368,7.2977,2
2021,7,16,34.642,-123.368,7.2969,2
2021,7,16,34.642,-123.368,7.3178,2
2021,7,16,34.642,-123.368,7.3565,2
2021,7,16,34.642,-123.368,7.4777,2
2021,7,16,34.642,-123.368,7.5418,2
2021,7,16,34.642,-123.368,7.5558,2
2021,7,16,34.642,-123.368,7.6499,2
2021,7,16,34.642,-123.368,7.7198,2
2021,7,16,34.642,-123.369,7.7776,2
2021,7,16,34.642,-123.369,7.7997,2
2021,7,16,34.642,-123.369,7.8207,6
2021,7,16,34.642,-123.369,7.8508,2
2021,7,16,34.642,-123.369,7.8643,2
2021,7,16,34.642,-123.369,7.8629,2
2021,7,16,34.642,-123.369,7.8632,2
2021,7,16,34.642,-123.369,7.8632,2
2021,7,17,33.483,-122.533,7.5524,2
2021,7,17,33.483,-122.533,7.5117,2
2021,7,17,33.483,-122.533,7.4327,6
2021,7,17,33.483,-122.533,7.3307,2
2021,7,17,33.483,-122.533,7.3026,2
2021,7,17,33.483,-122.533,7.2903,2
2021,7,17,33.483,-122.533,7.3146,2
2021,7,17,33.483,-122.533,7.3909,2
2021,7,17,33.483,-122.533,7.5382,2
2021,7,17,33.483,-122.533,7.5405,2
2021,7,17,33.483,-122.533,7.6034,2
2021,7,17,33.483,-122.533,-999,9
2021,7,17,33.483,-122.533,7.6928,6
2021,7,17,33.483,-122.533,7.7457,2
2021,7,17,33.483,-122.533,7.7995,2
2021,7,17,33.483,-122.533,7.841,2
2021,7,17,33.483,-122.533,-999,9
2021,7,17,33.483,-122.533,-999,9
2021,7,17,33.483,-122.533,7.8939,2
2021,7,17,33.483,-122.533,7.8977,2
2021,7,17,33.483,-122.533,7.897,2
2021,7,17,33.483,-122.533,7.8973,2
2021,7,17,33.483,-122.533,-999,9
2021,7,17,33.483,-122.533,-999,9
2021,7,17,33.817,-121.844,7.5364,2
2021,7,17,33.817,-121.845,7.5313,2
2021,7,17,33.817,-121.845,7.5128,6
2021,7,17,33.817,-121.845,7.4815,2
2021,7,17,33.817,-121.845,7.4383,2
2021,7,17,33.817,-121.845,7.3821,2
2021,7,17,33.817,-121.845,7.332,2
2021,7,17,33.817,-121.845,7.301,2
2021,7,17,33.817,-121.845,7.2899,2
2021,7,17,33.817,-121.845,7.3125,2
2021,7,17,33.816,-121.845,7.3635,2
2021,7,17,33.816,-121.845,7.4485,2
2021,7,17,33.816,-121.845,7.4897,2
2021,7,17,33.816,-121.845,7.563,2
2021,7,17,33.816,-121.845,-999,9
2021,7,17,33.816,-121.845,7.6614,2
2021,7,17,33.816,-121.846,7.7397,2
2021,7,17,33.816,-121.846,7.7758,6
2021,7,17,33.816,-121.846,7.8181,2
2021,7,17,33.816,-121.846,7.854,2
2021,7,17,33.816,-121.846,7.8733,2
2021,7,17,33.816,-121.846,7.8746,2
2021,7,17,33.816,-121.846,7.8749,2
2021,7,17,33.816,-121.846,-999,9
2021,7,17,34.152,-121.15,7.4651,2
2021,7,17,34.152,-121.15,-999,9
2021,7,17,34.152,-121.15,7.4349,6
2021,7,17,34.151,-121.151,7.3763,2
2021,7,17,34.151,-121.151,7.3232,2
2021,7,17,34.151,-121.151,7.3113,2
2021,7,17,34.151,-121.151,7.315,2
2021,7,17,34.151,-121.151,7.3275,2
2021,7,17,34.151,-121.151,7.3554,2
2021,7,17,34.151,-121.151,7.4115,2
2021,7,17,34.151,-121.152,7.4721,2
2021,7,17,34.151,-121.152,7.5187,2
2021,7,17,34.151,-121.152,-999,9
2021,7,17,34.151,-121.152,7.5498,2
2021,7,17,34.151,-121.152,7.5958,2
2021,7,17,34.151,-121.152,7.6553,6
2021,7,17,34.151,-121.152,7.7212,2
2021,7,17,34.151,-121.152,7.843,2
2021,7,17,34.151,-121.152,7.9006,2
2021,7,17,34.151,-121.152,7.9048,2
2021,7,17,34.15,-121.152,7.9081,2
2021,7,17,34.151,-121.152,-999,9
2021,7,18,34.21,-121.023,7.3243,2
2021,7,18,34.21,-121.023,-999,9
2021,7,18,34.209,-121.023,7.3083,6
2021,7,18,34.209,-121.024,7.3174,2
2021,7,18,34.209,-121.024,7.3265,2
2021,7,18,34.209,-121.024,7.3623,2
2021,7,18,34.209,-121.024,7.4103,2
2021,7,18,34.209,-121.024,7.4797,2
2021,7,18,34.209,-121.024,7.4904,2
2021,7,18,34.209,-121.024,7.5028,2
2021,7,18,34.209,-121.024,-999,9
2021,7,18,34.209,-121.024,7.5225,2
2021,7,18,34.209,-121.024,7.558,2
2021,7,18,34.209,-121.024,7.5729,6
2021,7,18,34.209,-121.024,7.6004,2
2021,7,18,34.209,-121.024,7.6489,2
2021,7,18,34.209,-121.024,7.798,2
2021,7,18,34.209,-121.024,7.9671,2
2021,7,18,34.209,-121.024,7.9749,2
2021,7,18,34.209,-121.024,-999,9
2021,7,18,34.316,-120.804,7.3083,2
2021,7,18,34.316,-120.804,-999,9
2021,7,18,34.316,-120.804,-999,9
2021,7,18,34.316,-120.804,7.3092,6
2021,7,18,34.316,-120.804,7.3171,2
2021,7,18,34.316,-120.804,7.3266,2
2021,7,18,34.316,-120.805,7.3763,2
2021,7,18,34.316,-120.805,7.4343,2
2021,7,18,34.316,-120.805,7.4829,2
2021,7,18,34.316,-120.805,7.4916,2
2021,7,18,34.316,-120.805,7.5152,2
2021,7,18,34.316,-120.805,-999,9
2021,7,18,34.316,-120.805,7.538,2
2021,7,18,34.316,-120.805,7.5581,2
2021,7,18,34.316,-120.805,7.5656,2
2021,7,18,34.316,-120.805,7.5753,2
2021,7,18,34.316,-120.805,7.6056,6
2021,7,18,34.316,-120.805,7.6576,2
2021,7,18,34.316,-120.805,7.8688,2
2021,7,18,34.316,-120.805,-999,9
2021,7,18,34.316,-120.805,-999,9
2021,7,18,34.316,-120.805,7.9354,2
2021,7,18,34.316,-120.805,-999,9
2021,7,18,34.316,-120.805,-999,9
2021,7,18,34.448,-120.523,7.5695,2
2021,7,18,34.448,-120.523,-999,9
2021,7,18,34.448,-120.523,-999,9
2021,7,18,34.448,-120.523,7.5667,6
2021,7,18,34.448,-120.523,7.5662,2
2021,7,18,34.448,-120.524,7.5823,2
2021,7,18,34.448,-120.524,-999,9
2021,7,18,34.448,-120.524,-999,9
2021,7,18,34.448,-120.524,7.616,2
2021,7,18,34.448,-120.524,7.6879,2
2021,7,18,34.448,-120.524,7.7402,2
2021,7,18,34.448,-120.524,7.8178,2
2021,7,18,34.448,-120.524,-999,9
2021,7,18,34.448,-120.524,-999,9
2021,7,18,34.448,-120.524,7.9164,2
2021,7,18,34.448,-120.524,-999,9
2021,7,18,34.448,-120.524,-999,9
2021,7,18,34.448,-120.524,-999,9
2021,7,18,34.448,-120.524,-999,9
2021,7,18,34.375,-120.663,7.3122,2
2021,7,18,34.375,-120.663,-999,9
2021,7,18,34.375,-120.663,7.3197,6
2021,7,18,34.375,-120.663,7.3771,2
2021,7,18,34.375,-120.663,7.447,2
2021,7,18,34.375,-120.663,7.4876,2
2021,7,18,34.375,-120.663,7.5114,2
2021,7,18,34.375,-120.663,7.5436,2
2021,7,18,34.375,-120.663,-999,9
2021,7,18,34.375,-120.663,7.5649,2
2021,7,18,34.375,-120.663,7.6247,2
2021,7,18,34.375,-120.663,7.6404,6
2021,7,18,34.375,-120.663,7.6411,2
2021,7,18,34.375,-120.663,7.6708,2
2021,7,18,34.375,-120.663,7.7817,2
2021,7,18,34.375,-120.663,7.8469,2
2021,7,18,34.375,-120.663,7.873,2
2021,7,18,34.375,-120.663,-999,9
2021,7,18,34.412,-120.579,7.409,2
2021,7,18,34.412,-120.579,-999,9
2021,7,18,34.412,-120.579,7.4499,6
2021,7,18,34.412,-120.579,7.4862,2
2021,7,18,34.412,-120.579,7.5259,2
2021,7,18,34.412,-120.579,7.5523,2
2021,7,18,34.412,-120.579,-999,9
2021,7,18,34.412,-120.579,7.58,2
2021,7,18,34.412,-120.579,7.6186,2
2021,7,18,34.412,-120.579,7.6714,3
2021,7,18,34.412,-120.579,7.643,2
2021,7,18,34.412,-120.579,7.6509,6
2021,7,18,34.412,-120.579,7.7354,2
2021,7,18,34.412,-120.579,7.7902,2
2021,7,18,34.412,-120.579,7.8475,2
2021,7,18,34.412,-120.579,7.8526,2
2021,7,18,34.412,-120.579,-999,9
2021,7,18,34.471,-120.492,7.8297,2
2021,7,18,34.471,-120.492,-999,9
2021,7,18,34.471,-120.492,7.8309,6
2021,7,18,34.471,-120.492,7.9201,2
2021,7,18,34.471,-120.492,-999,9
2021,7,18,34.471,-120.492,7.9871,2
2021,7,18,34.471,-120.492,7.9878,2
2021,7,18,34.471,-120.492,-999,9
2021,7,18,34.471,-120.492,-999,9
2021,7,18,34.471,-120.492,-999,9
2021,7,19,34.381,-120.284,-999,9
2021,7,19,34.381,-120.284,7.3762,2
2021,7,19,34.381,-120.284,-999,9
2021,7,19,34.381,-120.284,7.414,6
2021,7,19,34.381,-120.284,-999,9
2021,7,19,34.381,-120.284,7.4591,2
2021,7,19,34.381,-120.284,-999,9
2021,7,19,34.381,-120.284,7.4915,2
2021,7,19,34.381,-120.284,-999,9
2021,7,19,34.381,-120.284,7.5529,2
2021,7,19,34.381,-120.284,7.5683,2
2021,7,19,34.381,-120.284,7.6325,2
2021,7,19,34.381,-120.284,7.6548,2
2021,7,19,34.381,-120.284,7.6822,2
2021,7,19,34.381,-120.284,7.7193,6
2021,7,19,34.381,-120.284,7.774,2
2021,7,19,34.381,-120.284,7.8533,2
2021,7,19,34.381,-120.284,7.9369,2
2021,7,19,34.381,-120.284,-999,9
2021,7,19,34.313,-120.126,-999,9
2021,7,19,34.313,-120.126,7.2657,2
2021,7,19,34.312,-120.126,-999,9
2021,7,19,34.312,-120.126,7.2665,6
2021,7,19,34.312,-120.126,7.2761,2
2021,7,19,34.312,-120.126,7.2855,2
2021,7,19,34.312,-120.126,-999,9
2021,7,19,34.312,-120.126,7.3113,2
2021,7,19,34.312,-120.126,-999,9
2021,7,19,34.312,-120.126,7.3539,2
2021,7,19,34.312,-120.126,7.4472,2
2021,7,19,34.312,-120.126,7.4911,2
2021,7,19,34.312,-120.126,7.5178,2
2021,7,19,34.312,-120.126,7.5213,2
2021,7,19,34.312,-120.126,-999,9
2021,7,19,34.312,-120.126,7.5478,6
2021,7,19,34.312,-120.126,7.5978,2
2021,7,19,34.312,-120.126,7.626,2
2021,7,19,34.312,-120.126,7.6721,2
2021,7,19,34.312,-120.126,7.7188,3
2021,7,19,34.312,-120.126,7.7702,2
2021,7,19,34.312,-120.126,7.9837,2
2021,7,19,34.312,-120.126,8.0179,2
2021,7,19,34.312,-120.126,-999,9
2021,7,19,34.276,-120.021,7.2687,2
2021,7,19,34.276,-120.021,7.2706,2
2021,7,19,34.276,-120.021,7.2714,2
2021,7,19,34.276,-120.021,7.275,6
2021,7,19,34.276,-120.021,-999,9
2021,7,19,34.276,-120.021,7.2886,2
2021,7,19,34.276,-120.021,-999,9
2021,7,19,34.276,-120.021,7.3092,2
2021,7,19,34.276,-120.021,-999,9
2021,7,19,34.276,-120.021,7.3457,2
2021,7,19,34.276,-120.021,7.4029,2
2021,7,19,34.276,-120.021,7.4345,2
2021,7,19,34.276,-120.021,7.467,2
2021,7,19,34.276,-120.021,7.5269,2
2021,7,19,34.276,-120.021,-999,9
2021,7,19,34.276,-120.021,7.5928,2
2021,7,19,34.276,-120.021,7.6613,6
2021,7,19,34.276,-120.021,7.7017,2
2021,7,19,34.276,-120.021,7.7547,2
2021,7,19,34.276,-120.021,7.8059,2
2021,7,19,34.276,-120.021,7.8837,2
2021,7,19,34.276,-120.021,8.0095,2
2021,7,19,34.276,-120.021,8.0138,2
2021,7,19,34.276,-120.021,-999,9
2021,7,19,34.078,-119.557,7.5616,2
2021,7,19,34.078,-119.557,-999,9
2021,7,19,34.078,-119.557,-999,9
2021,7,19,34.078,-119.557,7.6147,6
2021,7,19,34.078,-119.557,-999,9
2021,7,19,34.078,-119.558,7.6724,2
2021,7,19,34.078,-119.558,-999,9
2021,7,19,34.077,-119.558,7.7547,2
2021,7,19,34.077,-119.558,-999,9
2021,7,19,34.077,-119.558,7.902,2
2021,7,19,34.077,-119.558,-999,9
2021,7,19,34.077,-119.558,-999,9
2021,7,19,34.077,-119.558,7.9803,2
2021,7,19,34.077,-119.558,7.9908,2
2021,7,19,34.077,-119.558,7.9995,2
2021,7,19,34.077,-119.558,-999,9
2021,7,19,34.077,-119.558,8.0087,2
2021,7,19,34.077,-119.558,-999,9
2021,7,19,34.077,-119.558,-999,9
2021,7,19,34.077,-119.558,-999,9
2021,7,19,34.159,-119.717,7.3341,2
2021,7,19,34.159,-119.717,7.3468,2
2021,7,19,34.159,-119.717,7.4077,6
2021,7,19,34.159,-119.717,7.4609,2
2021,7,19,34.159,-119.717,7.5007,2
2021,7,19,34.159,-119.717,7.5237,2
2021,7,19,34.159,-119.717,-999,9
2021,7,19,34.159,-119.717,7.5594,2
2021,7,19,34.159,-119.717,7.6424,2
2021,7,19,34.159,-119.717,7.6756,2
2021,7,19,34.159,-119.717,7.7496,6
2021,7,19,34.159,-119.717,7.8152,2
2021,7,19,34.159,-119.717,7.9049,2
2021,7,19,34.159,-119.717,7.9842,2
2021,7,19,34.159,-119.717,7.9833,2
2021,7,19,34.16,-119.717,7.9978,2
2021,7,19,34.16,-119.717,-999,9
2021,7,19,33.993,-119.371,-999,9
2021,7,19,33.993,-119.371,7.5864,2
2021,7,19,33.993,-119.371,-999,9
2021,7,19,33.993,-119.371,7.6296,6
2021,7,19,33.993,-119.371,-999,9
2021,7,19,33.993,-119.371,7.6675,2
2021,7,19,33.993,-119.371,-999,9
2021,7,19,33.993,-119.371,7.7264,2
2021,7,19,33.993,-119.371,-999,9
2021,7,19,33.993,-119.371,7.837,2
2021,7,19,33.993,-119.371,7.9555,2
2021,7,19,33.993,-119.371,-999,9
2021,7,19,33.993,-119.371,7.9659,2
2021,7,19,33.993,-119.371,-999,9
2021,7,19,33.993,-119.371,7.9665,2
2021,7,19,33.993,-119.371,-999,9
2021,7,19,33.992,-119.371,-999,9
2021,7,20,33.484,-117.768,7.6053,2
2021,7,20,33.484,-117.768,-999,9
2021,7,20,33.484,-117.768,-999,9
2021,7,20,33.484,-117.768,7.6179,6
2021,7,20,33.484,-117.768,-999,9
2021,7,20,33.484,-117.768,7.7162,2
2021,7,20,33.484,-117.768,-999,9
2021,7,20,33.484,-117.768,7.8256,2
2021,7,20,33.484,-117.768,-999,9
2021,7,20,33.484,-117.768,-999,9
2021,7,20,33.484,-117.768,7.8752,2
2021,7,20,33.484,-117.768,7.9601,2
2021,7,20,33.484,-117.768,7.976,2
2021,7,20,33.484,-117.768,-999,9
2021,7,20,33.484,-117.768,7.9989,2
2021,7,20,33.484,-117.768,-999,9
2021,7,20,33.484,-117.768,-999,9
2021,7,20,33.484,-117.768,-999,9
2021,7,20,33.491,-117.751,7.7485,2
2021,7,20,33.491,-117.751,-999,9
2021,7,20,33.491,-117.751,7.8439,6
2021,7,20,33.491,-117.751,7.9255,2
2021,7,20,33.491,-117.751,-999,9
2021,7,20,33.491,-117.751,7.9605,2
2021,7,20,33.491,-117.751,7.9814,2
2021,7,20,33.491,-117.751,7.9934,2
2021,7,20,33.491,-117.751,-999,9
2021,7,20,33.491,-117.751,-999,9
2021,7,20,33.417,-117.905,7.309,2
2021,7,20,33.417,-117.905,-999,9
2021,7,20,33.417,-117.905,7.3393,6
2021,7,20,33.417,-117.905,7.3675,2
2021,7,20,33.417,-117.905,7.4067,2
2021,7,20,33.417,-117.905,7.4424,2
2021,7,20,33.417,-117.905,7.5038,2
2021,7,20,33.417,-117.905,7.5201,2
2021,7,20,33.417,-117.905,7.5543,2
2021,7,20,33.417,-117.905,-999,9
2021,7,20,33.417,-117.905,7.5831,2
2021,7,20,33.417,-117.905,7.6507,2
2021,7,20,33.417,-117.905,7.7103,2
2021,7,20,33.417,-117.905,7.7857,6
2021,7,20,33.417,-117.905,7.8764,2
2021,7,20,33.417,-117.905,7.9117,2
2021,7,20,33.417,-117.905,7.928,2
2021,7,20,33.417,-117.905,7.9451,2
2021,7,20,33.417,-117.905,7.9792,2
2021,7,20,33.417,-117.905,-999,9
2021,7,20,33.418,-117.905,-999,9
2021,7,20,33.418,-117.905,-999,9
2021,7,20,33.418,-117.905,-999,9
2021,7,20,33.418,-117.905,-999,9
2021,7,20,33.417,-117.905,-999,9
2021,7,20,33.417,-117.905,-999,9
2021,7,20,33.417,-117.905,-999,9
2021,7,20,33.417,-117.906,-999,9
2021,7,20,33.417,-117.906,-999,9
2021,7,20,33.417,-117.906,-999,9
2021,7,20,33.417,-117.906,-999,9
2021,7,20,33.417,-117.906,-999,9
2021,7,20,33.417,-117.906,-999,9
2021,7,20,33.417,-117.906,-999,9
2021,7,20,33.416,-117.906,-999,9
2021,7,20,33.416,-117.906,-999,9
2021,7,20,33.416,-117.906,-999,9
2021,7,20,33.416,-117.906,-999,9
2021,7,20,33.416,-117.906,-999,9
2021,7,20,33.416,-117.906,-999,9
2021,7,21,33.252,-118.249,7.3803,2
2021,7,21,33.252,-118.249,-999,9
2021,7,21,33.252,-118.249,-999,9
2021,7,21,33.251,-118.249,7.3768,6
2021,7,21,33.251,-118.249,7.4329,2
2021,7,21,33.251,-118.249,7.5336,2
2021,7,21,33.251,-118.249,7.5606,2
2021,7,21,33.251,-118.249,7.6256,2
2021,7,21,33.251,-118.249,-999,9
2021,7,21,33.251,-118.249,7.6718,2
2021,7,21,33.251,-118.249,7.7864,2
2021,7,21,33.251,-118.249,-999,9
2021,7,21,33.251,-118.249,7.8291,2
2021,7,21,33.251,-118.249,-999,9
2021,7,21,33.251,-118.249,-999,9
2021,7,21,33.251,-118.249,7.8877,2
2021,7,21,33.251,-118.249,7.9082,6
2021,7,21,33.251,-118.249,7.9109,2
2021,7,21,33.251,-118.249,7.9314,2
2021,7,21,33.251,-118.249,8.0515,4
2021,7,21,33.251,-118.249,7.9376,2
2021,7,21,33.251,-118.249,-999,9
2021,7,21,33.251,-118.249,-999,9
2021,7,21,33.251,-118.249,-999,9
2021,7,21,33.183,-118.387,7.3216,2
2021,7,21,33.183,-118.387,-999,9
2021,7,21,33.183,-118.387,7.3209,2
2021,7,21,33.183,-118.387,7.3209,6
2021,7,21,33.183,-118.387,7.3113,2
2021,7,21,33.183,-118.387,-999,9
2021,7,21,33.183,-118.387,7.3168,2
2021,7,21,33.183,-118.387,7.3338,2
2021,7,21,33.183,-118.387,7.388,2
2021,7,21,33.182,-118.387,7.4913,2
2021,7,21,33.182,-118.387,7.5353,2
2021,7,21,33.182,-118.387,7.545,2
2021,7,21,33.182,-118.387,7.5946,6
2021,7,21,33.182,-118.387,-999,9
2021,7,21,33.182,-118.387,7.6633,2
2021,7,21,33.182,-118.387,7.7393,2
2021,7,21,33.182,-118.387,7.7829,2
2021,7,21,33.182,-118.387,7.8703,2
2021,7,21,33.182,-118.387,7.9009,2
2021,7,21,33.182,-118.387,7.9207,2
2021,7,21,33.182,-118.387,7.9304,2
2021,7,21,33.182,-118.387,7.9363,2
2021,7,21,33.182,-118.387,7.9362,2
2021,7,21,33.182,-118.387,-999,9
2021,7,21,32.811,-119.151,7.313,2
2021,7,21,32.811,-119.151,-999,9
2021,7,21,32.812,-119.151,7.3089,6
2021,7,21,32.811,-119.151,7.3148,2
2021,7,21,32.811,-119.151,7.3219,2
2021,7,21,32.811,-119.151,7.3535,2
2021,7,21,32.811,-119.151,7.4107,2
2021,7,21,32.811,-119.151,7.4863,2
2021,7,21,32.81,-119.151,7.4581,2
2021,7,21,32.81,-119.151,7.4751,2
2021,7,21,32.81,-119.151,-999,9
2021,7,21,32.81,-119.151,7.5101,2
2021,7,21,32.81,-119.151,7.5618,2
2021,7,21,32.81,-119.151,7.5877,6
2021,7,21,32.81,-119.151,7.6509,2
2021,7,21,32.81,-119.151,7.7592,2
2021,7,21,32.81,-119.151,7.8607,2
2021,7,21,32.81,-119.151,7.8943,2
2021,7,21,32.81,-119.151,7.924,2
2021,7,21,32.81,-119.151,7.9549,3
2021,7,21,32.81,-119.151,-999,9
2021,7,22,32.65,-119.483,7.3289,2
2021,7,22,32.65,-119.483,-999,9
2021,7,22,32.65,-119.483,7.3275,6
2021,7,22,32.65,-119.483,7.3243,2
2021,7,22,32.651,-119.483,7.3119,2
2021,7,22,32.651,-119.483,7.3138,2
2021,7,22,32.651,-119.483,7.3258,2
2021,7,22,32.651,-119.483,7.3523,2
2021,7,22,32.651,-119.483,7.4019,2
2021,7,22,32.65,-119.483,7.4696,2
2021,7,22,32.65,-119.483,7.4895,2
2021,7,22,32.65,-119.483,7.513,2
2021,7,22,32.65,-119.483,-999,9
2021,7,22,32.65,-119.483,7.5776,2
2021,7,22,32.65,-119.483,7.6876,2
2021,7,22,32.65,-119.483,7.7487,2
2021,7,22,32.65,-119.483,7.8171,6
2021,7,22,32.65,-119.483,7.8477,2
2021,7,22,32.65,-119.483,7.8872,2
2021,7,22,32.65,-119.483,7.9322,2
2021,7,22,32.65,-119.483,7.9355,2
2021,7,22,32.65,-119.483,7.9381,2
2021,7,22,32.65,-119.483,-999,9
2021,7,22,32.418,-119.959,7.3186,2
2021,7,22,32.418,-119.959,-999,9
2021,7,22,32.418,-119.959,-999,9
2021,7,22,32.418,-119.959,7.3116,6
2021,7,22,32.418,-119.959,7.3081,2
2021,7,22,32.418,-119.959,7.322,2
2021,7,22,32.418,-119.959,7.3527,2
2021,7,22,32.418,-119.96,7.4524,2
2021,7,22,32.418,-119.959,7.5111,2
2021,7,22,32.418,-119.959,7.5626,2
2021,7,22,32.418,-119.96,7.6128,2
2021,7,22,32.418,-119.96,-999,9
2021,7,22,32.417,-119.96,7.6705,2
2021,7,22,32.417,-119.96,7.7377,2
2021,7,22,32.417,-119.96,7.7817,6
2021,7,22,32.417,-119.96,7.8365,2
2021,7,22,32.417,-119.96,7.8563,2
2021,7,22,32.417,-119.96,-999,9
2021,7,22,32.417,-119.96,-999,9
2021,7,22,32.417,-119.96,7.9275,2
2021,7,22,32.417,-119.96,7.9278,2
2021,7,22,32.417,-119.96,7.929,2
2021,7,22,32.417,-119.96,-999,9
2021,7,22,32.417,-119.96,-999,9
2021,7,23,32.084,-120.638,7.5411,2
2021,7,23,32.084,-120.638,7.5327,2
2021,7,23,32.084,-120.639,7.515,6
2021,7,23,32.084,-120.638,7.483,2
2021,7,23,32.084,-120.638,7.4364,2
2021,7,23,32.084,-120.638,7.3782,2
2021,7,23,32.084,-120.638,7.3281,2
2021,7,23,32.084,-120.638,7.3085,2
2021,7,23,32.084,-120.638,7.3079,2
2021,7,23,32.084,-120.638,7.3099,2
2021,7,23,32.084,-120.638,7.3305,2
2021,7,23,32.084,-120.638,-999,9
2021,7,23,32.084,-120.638,7.4772,2
2021,7,23,32.084,-120.638,7.5417,2
2021,7,23,32.084,-120.638,7.6045,2
2021,7,23,32.084,-120.638,7.6984,2
2021,7,23,32.084,-120.639,7.7517,2
2021,7,23,32.084,-120.639,7.7802,6
2021,7,23,32.084,-120.639,7.8327,2
2021,7,23,32.084,-120.639,7.8675,2
2021,7,23,32.084,-120.639,7.894,2
2021,7,23,32.083,-120.639,7.8968,2
2021,7,23,32.083,-120.639,7.8985,2
2021,7,23,32.084,-120.639,7.9029,2
2021,7,23,31.777,-120.251,7.5436,2
2021,7,23,31.777,-120.251,7.5412,2
2021,7,23,31.777,-120.252,7.5262,6
2021,7,23,31.776,-120.252,7.5128,2
2021,7,23,31.776,-120.252,7.5011,2
2021,7,23,31.776,-120.253,7.4848,2
2021,7,23,31.776,-120.253,7.4422,2
2021,7,23,31.776,-120.253,7.381,2
2021,7,23,31.776,-120.253,7.3326,2
2021,7,23,31.776,-120.253,7.3136,2
2021,7,23,31.776,-120.253,7.3126,2
2021,7,23,31.775,-120.254,7.3565,2
2021,7,23,31.775,-120.254,7.4085,2
2021,7,23,31.775,-120.254,7.4698,6
2021,7,23,31.775,-120.254,7.54,2
2021,7,23,31.776,-120.254,7.7288,2
2021,7,23,31.776,-120.254,7.9123,2
2021,7,23,31.776,-120.254,-999,9
2021,7,23,31.776,-120.254,-999,9
2021,7,23,31.776,-120.254,7.9253,2
2021,7,23,31.776,-120.254,7.9281,2
2021,7,23,31.776,-120.254,7.9265,2
2021,7,23,31.776,-120.254,-999,9
2021,7,23,31.776,-120.254,-999,9
